UPDATE `creature_template` SET `faction` = '14', `minlevel` =112, `maxlevel` =112, `rank` = 3  WHERE `entry` = 96754;

REPLACE INTO `creature_template_locale` (entry, locale, Name, Title) VALUES (96754, 'esES', 'Harbaron', 'El barquero');

UPDATE creature_template SET lootid = 96754 WHERE entry = 96754 AND lootid = 0;
DELETE FROM `creature_loot_template` WHERE `entry` = '96754';
INSERT INTO `creature_loot_template` (`entry`, `Item`, `Reference`, `Chance`, `QuestRequired`, `LootMode`, `GroupId`, `MinCount`, `MaxCount`, `Comment`) VALUES
('96754', '124124', '0', '55.22753', '0', '1', '0', '1', '1', ''),
('96754', '0', '96754', '100', '0', '1', '0', '2', '2', ''),
('96754', '138482', '0', '1.72294', '1', '1', '0', '1', '1', ''),
('96754', '138781', '0', '0.1701373', '0', '1', '0', '1', '1', ''),
('96754', '138786', '0', '53.35735', '0', '1', '0', '1', '1', ''),
('96754', '140221', '0', '0.1849869', '0', '1', '0', '1', '1', ''),
('96754', '140222', '0', '0.2923486', '0', '1', '0', '1', '1', ''),
('96754', '140224', '0', '0.1333968', '0', '1', '0', '1', '1', ''),
('96754', '140226', '0', '0.1246076', '0', '1', '0', '1', '1', ''),
('96754', '141689', '0', '57.11102', '0', '1', '0', '1', '1', ''),
('96754', '141690', '0', '46', '0', '1', '0', '1', '1', ''),
('96754', '147579', '0', '0.2109499', '0', '1', '0', '1', '1', '');


DELETE FROM `reference_loot_template` WHERE `entry` = '96754';
INSERT INTO `reference_loot_template` (`entry`, `Item`, `Reference`, `Chance`, `QuestRequired`, `LootMode`, `GroupId`, `MinCount`, `MaxCount`, `Comment`) VALUES
('96754', '133611', '0', '1.272435', '0', '1', '1', '1', '1', ''),
('96754', '133632', '0', '1.780451', '0', '1', '1', '1', '1', ''),
('96754', '133645', '0', '1', '0', '1', '1', '1', '1', ''),
('96754', '133768', '0', '2', '0', '1', '1', '1', '1', ''),
('96754', '133771', '0', '5', '0', '1', '1', '1', '1', ''),
('96754', '133976', '0', '2.365885', '0', '1', '1', '1', '1', ''),
('96754', '134183', '0', '3.872421', '0', '1', '1', '1', '1', ''),
('96754', '134197', '0', '1.883492', '0', '1', '1', '1', '1', ''),
('96754', '134211', '0', '1.569577', '0', '1', '1', '1', '1', ''),
('96754', '134218', '0', '1.248472', '0', '1', '1', '1', '1', ''),
('96754', '137324', '0', '3.30929', '0', '1', '1', '1', '1', ''),
('96754', '137325', '0', '1.552802', '0', '1', '1', '1', '1', ''),
('96754', '137327', '0', '2.535285', '0', '1', '1', '1', '1', '');


UPDATE `creature_template` SET `faction` = '14', `minlevel` =112, `maxlevel` =112, `rank` = 3 WHERE `entry` = 96756;

REPLACE INTO `creature_template_locale` (entry, locale, Name, Title) VALUES (96756, 'esES', 'Ymiron, el Rey Caído', '');

UPDATE creature_template SET lootid = 96756 WHERE entry = 96756 AND lootid = 0;
DELETE FROM `creature_loot_template` WHERE `entry` = '96756';
INSERT INTO `creature_loot_template` (`entry`, `Item`, `Reference`, `Chance`, `QuestRequired`, `LootMode`, `GroupId`, `MinCount`, `MaxCount`, `Comment`) VALUES
('96756', '124124', '0', '50', '0', '1', '0', '1', '1', ''),
('96756', '124437', '0', '1.656642', '0', '1', '0', '1', '3', ''),
('96756', '132183', '0', '0.4110276', '0', '1', '0', '1', '1', ''),
('96756', '132229', '0', '0.20802', '0', '1', '0', '1', '1', ''),
('96756', '132231', '0', '1.39599', '0', '1', '0', '1', '1', ''),
('96756', '0', '96756', '100', '0', '1', '0', '2', '2', ''),
('96756', '138482', '0', '1.741855', '1', '1', '0', '1', '1', ''),
('96756', '138781', '0', '0.2130326', '0', '1', '0', '1', '1', ''),
('96756', '138786', '0', '52.34222', '0', '1', '0', '1', '1', ''),
('96756', '139619', '0', '6.859649', '1', '1', '0', '1', '1', ''),
('96756', '140222', '0', '0.3057644', '0', '1', '0', '1', '1', ''),
('96756', '140227', '0', '0.2700065', '0', '1', '0', '1', '1', ''),
('96756', '141689', '0', '50.59399', '0', '1', '0', '1', '1', ''),
('96756', '141690', '0', '53', '0', '1', '0', '1', '1', ''),
('96756', '147296', '0', '0.2244632', '0', '1', '0', '1', '1', ''),
('96756', '147301', '0', '0.5545732', '0', '1', '0', '1', '1', ''),
('96756', '147579', '0', '0.2581454', '0', '1', '0', '1', '1', '');


DELETE FROM `reference_loot_template` WHERE `entry` = '96756';
INSERT INTO `reference_loot_template` (`entry`, `Item`, `Reference`, `Chance`, `QuestRequired`, `LootMode`, `GroupId`, `MinCount`, `MaxCount`, `Comment`) VALUES
('96756', '133614', '0', '2', '0', '1', '1', '1', '1', ''),
('96756', '133616', '0', '1.736842', '0', '1', '1', '1', '1', ''),
('96756', '133625', '0', '1.233083', '0', '1', '1', '1', '1', ''),
('96756', '133629', '0', '2.100251', '0', '1', '1', '1', '1', ''),
('96756', '133637', '0', '4.380952', '0', '1', '1', '1', '1', ''),
('96756', '133644', '0', '1.83208', '0', '1', '1', '1', '1', ''),
('96756', '133682', '0', '1.308271', '0', '1', '1', '1', '1', ''),
('96756', '133971', '0', '0.5270007', '0', '1', '1', '1', '1', ''),
('96756', '133976', '0', '0.1044848', '0', '1', '1', '1', '1', ''),
('96756', '134179', '0', '2.210526', '0', '1', '1', '1', '1', ''),
('96756', '134199', '0', '2.481203', '0', '1', '1', '1', '1', ''),
('96756', '134210', '0', '1', '0', '1', '1', '1', '1', ''),
('96756', '134217', '0', '1.611529', '0', '1', '1', '1', '1', ''),
('96756', '137049', '0', '0.2030075', '0', '1', '1', '1', '1', ''),
('96756', '137326', '0', '3.458647', '0', '1', '1', '1', '1', '');


UPDATE `creature_template` SET `faction` = '14', `minlevel` =100, `maxlevel` =100, `rank` =3 WHERE `entry` = 96759;

REPLACE INTO `creature_template_locale` (entry, locale, Name, Title) VALUES (96759, 'esES', 'Helya', '');

UPDATE creature_template SET lootid = 96759 WHERE entry = 96759 AND lootid = 0;


UPDATE `creature_template` SET `faction` = '14', `minlevel` =110, `maxlevel` =110, `rank` =1 WHERE `entry` = 97043;

REPLACE INTO `creature_template_locale` (entry, locale, Name, Title) VALUES (97043, 'esES', 'Esclavista maldecido por el mar', '');

UPDATE creature_template SET lootid = 97043 WHERE entry = 97043 AND lootid = 0;
DELETE FROM `creature_loot_template` WHERE `entry` = '97043';
INSERT INTO `creature_loot_template` (`entry`, `Item`, `Reference`, `Chance`, `QuestRequired`, `LootMode`, `GroupId`, `MinCount`, `MaxCount`, `Comment`) VALUES
('97043', '0', '97043', '100', '0', '1', '0', '2', '2', ''),
('97043', '121385', '0', '0.2842062', '0', '1', '0', '1', '1', ''),
('97043', '124437', '0', '43.24136', '0', '1', '0', '1', '3', ''),
('97043', '124438', '0', '1.199208', '0', '1', '0', '1', '4', ''),
('97043', '124439', '0', '0.8033531', '0', '1', '0', '1', '4', ''),
('97043', '132183', '0', '3.259984', '0', '1', '0', '1', '1', ''),
('97043', '132229', '0', '0.6752824', '0', '1', '0', '1', '1', ''),
('97043', '132231', '0', '10.87437', '0', '1', '0', '1', '1', ''),
('97043', '138781', '0', '1.862848', '0', '1', '0', '1', '1', ''),
('97043', '138782', '0', '2.561416', '0', '1', '0', '1', '1', ''),
('97043', '140220', '0', '0.2212132', '0', '1', '0', '1', '1', ''),
('97043', '140221', '0', '0.2677844', '0', '1', '0', '1', '1', ''),
('97043', '140222', '0', '0.4540692', '0', '1', '0', '1', '1', ''),
('97043', '140224', '0', '0.1047852', '0', '1', '0', '1', '1', ''),
('97043', '140225', '0', '0.3259984', '0', '1', '0', '1', '1', ''),
('97043', '140226', '0', '0.6519967', '0', '1', '0', '1', '1', ''),
('97043', '140227', '0', '0.3027128', '0', '1', '0', '1', '1', ''),
('97043', '144330', '0', '1', '0', '1', '0', '1', '1', ''),
('97043', '151157', '0', '0.09314239', '0', '1', '0', '1', '1', '');


DELETE FROM `reference_loot_template` WHERE `entry` = '97043';
INSERT INTO `reference_loot_template` (`entry`, `Item`, `Reference`, `Chance`, `QuestRequired`, `LootMode`, `GroupId`, `MinCount`, `MaxCount`, `Comment`) VALUES
('97043', '121111', '0', '0.7218536', '0', '1', '1', '1', '1', ''),
('97043', '121112', '0', '0.3259984', '0', '1', '1', '1', '1', ''),
('97043', '121113', '0', '0.3376412', '0', '1', '1', '1', '1', ''),
('97043', '121114', '0', '0.06985679', '0', '1', '1', '1', '1', ''),
('97043', '121115', '0', '0.2794272', '0', '1', '1', '1', '1', ''),
('97043', '121116', '0', '0.6170684', '0', '1', '1', '1', '1', ''),
('97043', '121117', '0', '0.2677844', '0', '1', '1', '1', '1', ''),
('97043', '121118', '0', '0.2212132', '0', '1', '1', '1', '1', ''),
('97043', '121122', '0', '1', '0', '1', '1', '1', '1', ''),
('97043', '121126', '0', '0.08149959', '0', '1', '1', '1', '1', ''),
('97043', '121127', '0', '1.24578', '0', '1', '1', '1', '1', ''),
('97043', '121130', '0', '0.349284', '0', '1', '1', '1', '1', ''),
('97043', '121131', '0', '0.08149959', '0', '1', '1', '1', '1', ''),
('97043', '121132', '0', '0.8848527', '0', '1', '1', '1', '1', ''),
('97043', '121137', '0', '0.2212132', '0', '1', '1', '1', '1', ''),
('97043', '121138', '0', '0.2212132', '0', '1', '1', '1', '1', ''),
('97043', '121150', '0', '0.1513564', '0', '1', '1', '1', '1', ''),
('97043', '121151', '0', '0.5704972', '0', '1', '1', '1', '1', ''),
('97043', '121152', '0', '0.3842124', '0', '1', '1', '1', '1', ''),
('97043', '121154', '0', '0.232856', '0', '1', '1', '1', '1', ''),
('97043', '121155', '0', '0.1397136', '0', '1', '1', '1', '1', ''),
('97043', '121156', '0', '0.3143556', '0', '1', '1', '1', '1', ''),
('97043', '121157', '0', '0.5122831', '0', '1', '1', '1', '1', ''),
('97043', '121158', '0', '0.4424264', '0', '1', '1', '1', '1', ''),
('97043', '121159', '0', '0.1397136', '0', '1', '1', '1', '1', ''),
('97043', '121160', '0', '0.09314239', '0', '1', '1', '1', '1', ''),
('97043', '121161', '0', '0.1397136', '0', '1', '1', '1', '1', ''),
('97043', '121162', '0', '1', '0', '1', '1', '1', '1', ''),
('97043', '121163', '0', '0.1397136', '0', '1', '1', '1', '1', ''),
('97043', '121164', '0', '0.2095704', '0', '1', '1', '1', '1', ''),
('97043', '121165', '0', '0.3376412', '0', '1', '1', '1', '1', ''),
('97043', '121332', '0', '3.20177', '0', '1', '1', '1', '1', ''),
('97043', '121333', '0', '1', '0', '1', '1', '1', '1', ''),
('97043', '121334', '0', '0.6985679', '0', '1', '1', '1', '1', ''),
('97043', '121335', '0', '0.4307836', '0', '1', '1', '1', '1', ''),
('97043', '121336', '0', '0.8732099', '0', '1', '1', '1', '1', ''),
('97043', '121337', '0', '0.1862848', '0', '1', '1', '1', '1', ''),
('97043', '121338', '0', '1.589872', '0', '1', '1', '1', '1', ''),
('97043', '121339', '0', '0.6170684', '0', '1', '1', '1', '1', ''),
('97043', '121340', '0', '0.2677844', '0', '1', '1', '1', '1', ''),
('97043', '121341', '0', '0.2095704', '0', '1', '1', '1', '1', ''),
('97043', '121343', '0', '0.4424264', '0', '1', '1', '1', '1', ''),
('97043', '121344', '0', '0.7334963', '0', '1', '1', '1', '1', ''),
('97043', '121345', '0', '0.3725696', '0', '1', '1', '1', '1', ''),
('97043', '121346', '0', '0.4307836', '0', '1', '1', '1', '1', ''),
('97043', '121349', '0', '0.6519967', '0', '1', '1', '1', '1', ''),
('97043', '121350', '0', '0.2444988', '0', '1', '1', '1', '1', ''),
('97043', '121351', '0', '0.6869251', '0', '1', '1', '1', '1', ''),
('97043', '121352', '0', '0.2212132', '0', '1', '1', '1', '1', ''),
('97043', '121353', '0', '0.465712', '0', '1', '1', '1', '1', ''),
('97043', '121356', '0', '1.152637', '0', '1', '1', '1', '1', ''),
('97043', '121357', '0', '0.407498', '0', '1', '1', '1', '1', ''),
('97043', '121358', '0', '1.175923', '0', '1', '1', '1', '1', ''),
('97043', '121359', '0', '9', '0', '1', '1', '1', '1', ''),
('97043', '121360', '0', '0.3259984', '0', '1', '1', '1', '1', ''),
('97043', '121361', '0', '0.4191408', '0', '1', '1', '1', '1', ''),
('97043', '121362', '0', '0.7917103', '0', '1', '1', '1', '1', ''),
('97043', '121364', '0', '3.388054', '0', '1', '1', '1', '1', ''),
('97043', '121365', '0', '0.3609268', '0', '1', '1', '1', '1', ''),
('97043', '121366', '0', '0.2561416', '0', '1', '1', '1', '1', ''),
('97043', '121367', '0', '0.407498', '0', '1', '1', '1', '1', ''),
('97043', '121368', '0', '0.3259984', '0', '1', '1', '1', '1', ''),
('97043', '121369', '0', '0.09314239', '0', '1', '1', '1', '1', ''),
('97043', '121370', '0', '0.174642', '0', '1', '1', '1', '1', ''),
('97043', '121371', '0', '0.5355688', '0', '1', '1', '1', '1', ''),
('97043', '121372', '0', '0.6636395', '0', '1', '1', '1', '1', ''),
('97043', '121373', '0', '0.4540692', '0', '1', '1', '1', '1', ''),
('97043', '121379', '0', '0.06985679', '0', '1', '1', '1', '1', ''),
('97043', '121383', '0', '0.08832622', '0', '1', '1', '1', '1', ''),
('97043', '121384', '0', '0.116428', '0', '1', '1', '1', '1', ''),
('97043', '121391', '0', '2.314251', '0', '1', '1', '1', '1', ''),
('97043', '121392', '0', '0.08832622', '0', '1', '1', '1', '1', ''),
('97043', '121399', '0', '0.05888414', '0', '1', '1', '1', '1', ''),
('97043', '121403', '0', '0.2444988', '0', '1', '1', '1', '1', ''),
('97043', '121404', '0', '0.116428', '0', '1', '1', '1', '1', ''),
('97043', '121411', '0', '0.07360518', '0', '1', '1', '1', '1', ''),
('97043', '121413', '0', '0.2502576', '0', '1', '1', '1', '1', ''),
('97043', '121415', '0', '0.3827469', '0', '1', '1', '1', '1', ''),
('97043', '133614', '0', '0.1280708', '0', '1', '1', '1', '1', ''),
('97043', '133644', '0', '0.08149959', '0', '1', '1', '1', '1', ''),
('97043', '134179', '0', '0.08149959', '0', '1', '1', '1', '1', ''),
('97043', '141286', '0', '1.187565', '0', '1', '1', '1', '1', ''),
('97043', '141287', '0', '3', '0', '1', '1', '1', '1', '');


UPDATE `creature_template` SET `faction` = '14', `minlevel` =111, `maxlevel` =111, `rank` =1 WHERE `entry` = 97097;

REPLACE INTO `creature_template_locale` (entry, locale, Name, Title) VALUES (97097, 'esES', 'Campeón Helarjar', '');

UPDATE creature_template SET lootid = 97097 WHERE entry = 97097 AND lootid = 0;
DELETE FROM `creature_loot_template` WHERE `entry` = '97097';
INSERT INTO `creature_loot_template` (`entry`, `Item`, `Reference`, `Chance`, `QuestRequired`, `LootMode`, `GroupId`, `MinCount`, `MaxCount`, `Comment`) VALUES
('97097', '0', '97097', '100', '0', '1', '0', '2', '2', ''),
('97097', '121385', '0', '0.08322435', '0', '1', '0', '1', '1', ''),
('97097', '121389', '0', '0.4874569', '0', '1', '0', '1', '1', ''),
('97097', '121394', '0', '0.05944596', '0', '1', '0', '1', '1', ''),
('97097', '121395', '0', '0.09511354', '0', '1', '0', '1', '1', ''),
('97097', '124437', '0', '44.60825', '0', '1', '0', '1', '3', ''),
('97097', '124439', '0', '0.2972298', '0', '1', '0', '3', '4', ''),
('97097', '132229', '0', '0.3210082', '0', '1', '0', '1', '1', ''),
('97097', '132231', '0', '1.165141', '0', '1', '0', '1', '1', ''),
('97097', '138781', '0', '0.8203543', '0', '1', '0', '1', '1', ''),
('97097', '138782', '0', '0.2140055', '0', '1', '0', '1', '1', ''),
('97097', '139781', '0', '0.1902271', '0', '1', '0', '1', '1', ''),
('97097', '140220', '0', '0.08322435', '0', '1', '0', '1', '1', ''),
('97097', '140221', '0', '0.3447866', '0', '1', '0', '1', '1', ''),
('97097', '140222', '0', '0.4993461', '0', '1', '0', '1', '1', ''),
('97097', '140224', '0', '0.1426703', '0', '1', '0', '1', '1', ''),
('97097', '140225', '0', '0.07133516', '0', '1', '0', '1', '1', ''),
('97097', '140226', '0', '0.5587921', '0', '1', '0', '1', '1', ''),
('97097', '140227', '0', '0.5944597', '0', '1', '0', '1', '1', ''),
('97097', '141918', '0', '0.1902271', '0', '1', '0', '1', '1', ''),
('97097', '144330', '0', '0.1070027', '0', '1', '0', '1', '1', ''),
('97097', '144345', '0', '0.419152', '0', '1', '0', '1', '1', ''),
('97097', '153248', '0', '0.1188919', '0', '1', '0', '1', '1', '');


DELETE FROM `reference_loot_template` WHERE `entry` = '97097';
INSERT INTO `reference_loot_template` (`entry`, `Item`, `Reference`, `Chance`, `QuestRequired`, `LootMode`, `GroupId`, `MinCount`, `MaxCount`, `Comment`) VALUES
('97097', '121111', '0', '1', '0', '1', '1', '1', '1', ''),
('97097', '121112', '0', '0.1902271', '0', '1', '1', '1', '1', ''),
('97097', '121113', '0', '0.1188919', '0', '1', '1', '1', '1', ''),
('97097', '121114', '0', '0.4517893', '0', '1', '1', '1', '1', ''),
('97097', '121115', '0', '0.2615622', '0', '1', '1', '1', '1', ''),
('97097', '121116', '0', '2.318393', '0', '1', '1', '1', '1', ''),
('97097', '121117', '0', '0.2615622', '0', '1', '1', '1', '1', ''),
('97097', '121118', '0', '2.532398', '0', '1', '1', '1', '1', ''),
('97097', '121122', '0', '0.368565', '0', '1', '1', '1', '1', ''),
('97097', '121126', '0', '0.1545595', '0', '1', '1', '1', '1', ''),
('97097', '121127', '0', '1', '0', '1', '1', '1', '1', ''),
('97097', '121129', '0', '0.368565', '0', '1', '1', '1', '1', ''),
('97097', '121130', '0', '0.5469029', '0', '1', '1', '1', '1', ''),
('97097', '121131', '0', '0.3328974', '0', '1', '1', '1', '1', ''),
('97097', '121132', '0', '0.1664487', '0', '1', '1', '1', '1', ''),
('97097', '121137', '0', '0.1783379', '0', '1', '1', '1', '1', ''),
('97097', '121138', '0', '0.3447866', '0', '1', '1', '1', '1', ''),
('97097', '121150', '0', '0.4042326', '0', '1', '1', '1', '1', ''),
('97097', '121151', '0', '0.7490191', '0', '1', '1', '1', '1', ''),
('97097', '121152', '0', '0.2972298', '0', '1', '1', '1', '1', ''),
('97097', '121153', '0', '0.1783379', '0', '1', '1', '1', '1', ''),
('97097', '121154', '0', '0.4874569', '0', '1', '1', '1', '1', ''),
('97097', '121155', '0', '0.4042326', '0', '1', '1', '1', '1', ''),
('97097', '121156', '0', '2.163833', '0', '1', '1', '1', '1', ''),
('97097', '121157', '0', '0.309119', '0', '1', '1', '1', '1', ''),
('97097', '121158', '0', '0.4280109', '0', '1', '1', '1', '1', ''),
('97097', '121159', '0', '0.7490191', '0', '1', '1', '1', '1', ''),
('97097', '121160', '0', '0.2734514', '0', '1', '1', '1', '1', ''),
('97097', '121161', '0', '0.2853406', '0', '1', '1', '1', '1', ''),
('97097', '121162', '0', '0.2021163', '0', '1', '1', '1', '1', ''),
('97097', '121163', '0', '0.1545595', '0', '1', '1', '1', '1', ''),
('97097', '121164', '0', '0.1902271', '0', '1', '1', '1', '1', ''),
('97097', '121165', '0', '1.367257', '0', '1', '1', '1', '1', ''),
('97097', '121332', '0', '1.165141', '0', '1', '1', '1', '1', ''),
('97097', '121333', '0', '0.5944597', '0', '1', '1', '1', '1', ''),
('97097', '121334', '0', '0.8441327', '0', '1', '1', '1', '1', ''),
('97097', '121335', '0', '0.4517893', '0', '1', '1', '1', '1', ''),
('97097', '121336', '0', '1.712044', '0', '1', '1', '1', '1', ''),
('97097', '121337', '0', '0.4161218', '0', '1', '1', '1', '1', ''),
('97097', '121339', '0', '0.4161218', '0', '1', '1', '1', '1', ''),
('97097', '121340', '0', '2', '0', '1', '1', '1', '1', ''),
('97097', '121341', '0', '2.686958', '0', '1', '1', '1', '1', ''),
('97097', '121342', '0', '4.116118', '0', '1', '1', '1', '1', ''),
('97097', '121343', '0', '0.8203543', '0', '1', '1', '1', '1', ''),
('97097', '121344', '0', '0.6420164', '0', '1', '1', '1', '1', ''),
('97097', '121345', '0', '0.4755677', '0', '1', '1', '1', '1', ''),
('97097', '121346', '0', '0.5469029', '0', '1', '1', '1', '1', ''),
('97097', '121347', '0', '3.495423', '0', '1', '1', '1', '1', ''),
('97097', '121348', '0', '4', '0', '1', '1', '1', '1', ''),
('97097', '121349', '0', '0.4517893', '0', '1', '1', '1', '1', ''),
('97097', '121350', '0', '0.5112353', '0', '1', '1', '1', '1', ''),
('97097', '121351', '0', '0.4042326', '0', '1', '1', '1', '1', ''),
('97097', '121352', '0', '0.5706813', '0', '1', '1', '1', '1', ''),
('97097', '121353', '0', '0.5706813', '0', '1', '1', '1', '1', ''),
('97097', '121356', '0', '0.1545595', '0', '1', '1', '1', '1', ''),
('97097', '121357', '0', '0.3210082', '0', '1', '1', '1', '1', ''),
('97097', '121358', '0', '0.5350137', '0', '1', '1', '1', '1', ''),
('97097', '121360', '0', '0.7252408', '0', '1', '1', '1', '1', ''),
('97097', '121361', '0', '0.309119', '0', '1', '1', '1', '1', ''),
('97097', '121362', '0', '3', '0', '1', '1', '1', '1', ''),
('97097', '121364', '0', '0.3923434', '0', '1', '1', '1', '1', ''),
('97097', '121365', '0', '0.3566758', '0', '1', '1', '1', '1', ''),
('97097', '121366', '0', '2.235168', '0', '1', '1', '1', '1', ''),
('97097', '121367', '0', '1.17703', '0', '1', '1', '1', '1', ''),
('97097', '121368', '0', '0.4755677', '0', '1', '1', '1', '1', ''),
('97097', '121369', '0', '0.2734514', '0', '1', '1', '1', '1', ''),
('97097', '121370', '0', '0.309119', '0', '1', '1', '1', '1', ''),
('97097', '121371', '0', '1.295922', '0', '1', '1', '1', '1', ''),
('97097', '121372', '0', '0.8441327', '0', '1', '1', '1', '1', ''),
('97097', '121373', '0', '1', '0', '1', '1', '1', '1', ''),
('97097', '121375', '0', '0.1426703', '0', '1', '1', '1', '1', ''),
('97097', '121383', '0', '2', '0', '1', '1', '1', '1', ''),
('97097', '121392', '0', '1', '0', '1', '1', '1', '1', ''),
('97097', '121400', '0', '0.08322435', '0', '1', '1', '1', '1', ''),
('97097', '121401', '0', '0.1070027', '0', '1', '1', '1', '1', ''),
('97097', '121404', '0', '0.1070027', '0', '1', '1', '1', '1', ''),
('97097', '121405', '0', '0.1426703', '0', '1', '1', '1', '1', ''),
('97097', '121407', '0', '0.1289698', '0', '1', '1', '1', '1', ''),
('97097', '121414', '0', '0.06448492', '0', '1', '1', '1', '1', ''),
('97097', '133771', '0', '0.08322435', '0', '1', '1', '1', '1', ''),
('97097', '141286', '0', '0.5469029', '0', '1', '1', '1', '1', ''),
('97097', '141287', '0', '1.289698', '0', '1', '1', '1', '1', '');


UPDATE `creature_template` SET `faction` = '14', `minlevel` =110, `maxlevel` =110, `rank` =1 WHERE `entry` = 97119;

REPLACE INTO `creature_template_locale` (entry, locale, Name, Title) VALUES (97119, 'esES', 'Can embozado', '');

UPDATE creature_template SET lootid = 97119 WHERE entry = 97119 AND lootid = 0;
DELETE FROM `creature_loot_template` WHERE `entry` = '97119';
INSERT INTO `creature_loot_template` (`entry`, `Item`, `Reference`, `Chance`, `QuestRequired`, `LootMode`, `GroupId`, `MinCount`, `MaxCount`, `Comment`) VALUES
('97119', '0', '97119', '100', '0', '1', '0', '2', '2', ''),
('97119', '121331', '0', '0.1082879', '0', '1', '0', '1', '1', ''),
('97119', '124437', '0', '0.5317709', '0', '1', '0', '1', '3', ''),
('97119', '124438', '0', '11.79951', '0', '1', '0', '1', '4', ''),
('97119', '124439', '0', '8.610821', '0', '1', '0', '1', '4', ''),
('97119', '132183', '0', '20.36006', '0', '1', '0', '1', '1', ''),
('97119', '132229', '0', '4.807209', '0', '1', '0', '1', '1', ''),
('97119', '132231', '0', '77.17252', '0', '1', '0', '1', '1', ''),
('97119', '138781', '0', '0.3906099', '0', '1', '0', '1', '1', ''),
('97119', '138782', '0', '0.1218239', '0', '1', '0', '1', '1', ''),
('97119', '140220', '0', '0.06767993', '0', '1', '0', '1', '1', ''),
('97119', '140221', '0', '0.06767993', '0', '1', '0', '1', '1', ''),
('97119', '140222', '0', '0.141161', '0', '1', '0', '1', '1', ''),
('97119', '140226', '0', '0.07154736', '0', '1', '0', '1', '1', ''),
('97119', '140227', '0', '0.25525', '0', '1', '0', '1', '1', ''),
('97119', '144345', '0', '0.1721004', '0', '1', '0', '1', '1', '');


DELETE FROM `reference_loot_template` WHERE `entry` = '97119';
INSERT INTO `reference_loot_template` (`entry`, `Item`, `Reference`, `Chance`, `QuestRequired`, `LootMode`, `GroupId`, `MinCount`, `MaxCount`, `Comment`) VALUES
('97119', '121111', '0', '0.0618788', '0', '1', '1', '1', '1', ''),
('97119', '121112', '0', '0.08314963', '0', '1', '1', '1', '1', ''),
('97119', '121113', '0', '0.07154736', '0', '1', '1', '1', '1', ''),
('97119', '121114', '0', '0.06574622', '0', '1', '1', '1', '1', ''),
('97119', '121115', '0', '0.05414395', '0', '1', '1', '1', '1', ''),
('97119', '121116', '0', '0.5298372', '0', '1', '1', '1', '1', ''),
('97119', '121117', '0', '0.1044205', '0', '1', '1', '1', '1', ''),
('97119', '121118', '0', '0.2243106', '0', '1', '1', '1', '1', ''),
('97119', '121122', '0', '0.1334261', '0', '1', '1', '1', '1', ''),
('97119', '121124', '0', '0.5549755', '0', '1', '1', '1', '1', ''),
('97119', '121125', '0', '0.3229299', '0', '1', '1', '1', '1', ''),
('97119', '121126', '0', '0.1179565', '0', '1', '1', '1', '1', ''),
('97119', '121127', '0', '0.2513826', '0', '1', '1', '1', '1', ''),
('97119', '121129', '0', '0.1102216', '0', '1', '1', '1', '1', ''),
('97119', '121130', '0', '0.2339792', '0', '1', '1', '1', '1', ''),
('97119', '121131', '0', '0.0947519', '0', '1', '1', '1', '1', ''),
('97119', '121134', '0', '0.1619516', '0', '1', '1', '1', '1', ''),
('97119', '121137', '0', '0.0947519', '0', '1', '1', '1', '1', ''),
('97119', '121138', '0', '0.4389527', '0', '1', '1', '1', '1', ''),
('97119', '121150', '0', '0.2262443', '0', '1', '1', '1', '1', ''),
('97119', '121151', '0', '0.06961364', '0', '1', '1', '1', '1', ''),
('97119', '121152', '0', '0.06767993', '0', '1', '1', '1', '1', ''),
('97119', '121153', '0', '0.06381251', '0', '1', '1', '1', '1', ''),
('97119', '121154', '0', '0.2011061', '0', '1', '1', '1', '1', ''),
('97119', '121155', '0', '0.2011061', '0', '1', '1', '1', '1', ''),
('97119', '121156', '0', '0.1160227', '0', '1', '1', '1', '1', ''),
('97119', '121157', '0', '0.06961364', '0', '1', '1', '1', '1', ''),
('97119', '121158', '0', '0.09088448', '0', '1', '1', '1', '1', ''),
('97119', '121159', '0', '0.08701705', '0', '1', '1', '1', '1', ''),
('97119', '121160', '0', '0.2146421', '0', '1', '1', '1', '1', ''),
('97119', '121161', '0', '0.1334261', '0', '1', '1', '1', '1', ''),
('97119', '121162', '0', '0.2146421', '0', '1', '1', '1', '1', ''),
('97119', '121163', '0', '0.1160227', '0', '1', '1', '1', '1', ''),
('97119', '121164', '0', '0.07348107', '0', '1', '1', '1', '1', ''),
('97119', '121165', '0', '0.2359129', '0', '1', '1', '1', '1', ''),
('97119', '141286', '0', '0.3248637', '0', '1', '1', '1', '1', ''),
('97119', '141287', '0', '0.198852', '0', '1', '1', '1', '1', '');


UPDATE `creature_template` SET `faction` = '14', `minlevel` =110, `maxlevel` =110, `rank` =1 WHERE `entry` = 97163;

REPLACE INTO `creature_template_locale` (entry, locale, Name, Title) VALUES (97163, 'esES', 'Falco maldito', '');

UPDATE creature_template SET lootid = 97163 WHERE entry = 97163 AND lootid = 0;
DELETE FROM `creature_loot_template` WHERE `entry` = '97163';
INSERT INTO `creature_loot_template` (`entry`, `Item`, `Reference`, `Chance`, `QuestRequired`, `LootMode`, `GroupId`, `MinCount`, `MaxCount`, `Comment`) VALUES
('97163', '0', '97163', '100', '0', '1', '0', '2', '2', ''),
('97163', '124437', '0', '0.8277289', '0', '1', '0', '1', '3', ''),
('97163', '124438', '0', '7', '0', '1', '0', '1', '4', ''),
('97163', '124439', '0', '13.68575', '0', '1', '0', '1', '4', ''),
('97163', '132183', '0', '21.53506', '0', '1', '0', '1', '1', ''),
('97163', '132229', '0', '8.639421', '0', '1', '0', '1', '1', ''),
('97163', '132231', '0', '72.34163', '0', '1', '0', '1', '1', ''),
('97163', '138781', '0', '0.2257442', '0', '1', '0', '1', '1', ''),
('97163', '140221', '0', '0.05643606', '0', '1', '0', '1', '1', ''),
('97163', '140222', '0', '0.2492593', '0', '1', '0', '1', '1', ''),
('97163', '140224', '0', '0.1081691', '0', '1', '0', '1', '1', ''),
('97163', '140226', '0', '0.06113907', '0', '1', '0', '1', '1', ''),
('97163', '140227', '0', '0.05643606', '0', '1', '0', '1', '1', ''),
('97163', '144330', '0', '0.07524808', '0', '1', '0', '1', '1', ''),
('97163', '153248', '0', '0.1082105', '0', '1', '0', '1', '1', '');


DELETE FROM `reference_loot_template` WHERE `entry` = '97163';
INSERT INTO `reference_loot_template` (`entry`, `Item`, `Reference`, `Chance`, `QuestRequired`, `LootMode`, `GroupId`, `MinCount`, `MaxCount`, `Comment`) VALUES
('97163', '121114', '0', '0.1551992', '0', '1', '1', '1', '1', ''),
('97163', '121115', '0', '0.08465409', '0', '1', '1', '1', '1', ''),
('97163', '121118', '0', '0.07995109', '0', '1', '1', '1', '1', ''),
('97163', '121125', '0', '1', '0', '1', '1', '1', '1', ''),
('97163', '121129', '0', '0.08465409', '0', '1', '1', '1', '1', ''),
('97163', '121131', '0', '0.05173306', '0', '1', '1', '1', '1', ''),
('97163', '121133', '0', '1.550152', '0', '1', '1', '1', '1', ''),
('97163', '121154', '0', '0.05643606', '0', '1', '1', '1', '1', ''),
('97163', '121156', '0', '0.1504962', '0', '1', '1', '1', '1', ''),
('97163', '121157', '0', '0.08465409', '0', '1', '1', '1', '1', ''),
('97163', '121158', '0', '0.07054508', '0', '1', '1', '1', '1', ''),
('97163', '121162', '0', '0.3111051', '0', '1', '1', '1', '1', ''),
('97163', '121163', '0', '0.1175751', '0', '1', '1', '1', '1', ''),
('97163', '121164', '0', '0.09876311', '0', '1', '1', '1', '1', ''),
('97163', '121337', '0', '0.05643606', '0', '1', '1', '1', '1', ''),
('97163', '121351', '0', '0.06584207', '0', '1', '1', '1', '1', ''),
('97163', '121358', '0', '0.09876311', '0', '1', '1', '1', '1', ''),
('97163', '121360', '0', '0.05471125', '0', '1', '1', '1', '1', ''),
('97163', '133637', '0', '0.08465409', '0', '1', '1', '1', '1', ''),
('97163', '141286', '0', '0.1269811', '0', '1', '1', '1', '1', '');


UPDATE `creature_template` SET `faction` = '14', `minlevel` =111, `maxlevel` =111, `rank` =1 WHERE `entry` = 97182;

REPLACE INTO `creature_template_locale` (entry, locale, Name, Title) VALUES (97182, 'esES', 'Marino de la Guardia Nocturna', '');

UPDATE creature_template SET lootid = 97182 WHERE entry = 97182 AND lootid = 0;
DELETE FROM `creature_loot_template` WHERE `entry` = '97182';
INSERT INTO `creature_loot_template` (`entry`, `Item`, `Reference`, `Chance`, `QuestRequired`, `LootMode`, `GroupId`, `MinCount`, `MaxCount`, `Comment`) VALUES
('97182', '0', '97182', '100', '0', '1', '0', '2', '2', ''),
('97182', '121331', '0', '0.1101322', '0', '1', '0', '1', '1', ''),
('97182', '121389', '0', '0.05506608', '0', '1', '0', '1', '1', ''),
('97182', '121408', '0', '0.07342144', '0', '1', '0', '1', '1', ''),
('97182', '124437', '0', '45', '0', '1', '0', '1', '3', ''),
('97182', '124438', '0', '2.845081', '0', '1', '0', '1', '4', ''),
('97182', '124439', '0', '3', '0', '1', '0', '1', '4', ''),
('97182', '132183', '0', '6', '0', '1', '0', '1', '1', ''),
('97182', '132229', '0', '1.486784', '0', '1', '0', '1', '1', ''),
('97182', '132231', '0', '21', '0', '1', '0', '1', '1', ''),
('97182', '138781', '0', '0.3303965', '0', '1', '0', '1', '1', ''),
('97182', '138782', '0', '0.1468429', '0', '1', '0', '1', '1', ''),
('97182', '140220', '0', '0.201909', '0', '1', '0', '1', '1', ''),
('97182', '140221', '0', '0.1101322', '0', '1', '0', '1', '1', ''),
('97182', '140222', '0', '0.2753304', '0', '1', '0', '1', '1', ''),
('97182', '140224', '0', '0.3487518', '0', '1', '0', '1', '1', ''),
('97182', '140225', '0', '0.05506608', '0', '1', '0', '1', '1', ''),
('97182', '140226', '0', '0.2386197', '0', '1', '0', '1', '1', ''),
('97182', '140227', '0', '0.2386197', '0', '1', '0', '1', '1', ''),
('97182', '144330', '0', '0.06437768', '0', '1', '0', '1', '1', '');


DELETE FROM `reference_loot_template` WHERE `entry` = '97182';
INSERT INTO `reference_loot_template` (`entry`, `Item`, `Reference`, `Chance`, `QuestRequired`, `LootMode`, `GroupId`, `MinCount`, `MaxCount`, `Comment`) VALUES
('97182', '121111', '0', '0.3854626', '0', '1', '1', '1', '1', ''),
('97182', '121112', '0', '0.1835536', '0', '1', '1', '1', '1', ''),
('97182', '121114', '0', '0.07342144', '0', '1', '1', '1', '1', ''),
('97182', '121115', '0', '0.1835536', '0', '1', '1', '1', '1', ''),
('97182', '121116', '0', '0.1651982', '0', '1', '1', '1', '1', ''),
('97182', '121117', '0', '0.1835536', '0', '1', '1', '1', '1', ''),
('97182', '121118', '0', '1.762115', '0', '1', '1', '1', '1', ''),
('97182', '121122', '0', '0.1101322', '0', '1', '1', '1', '1', ''),
('97182', '121125', '0', '1.759531', '0', '1', '1', '1', '1', ''),
('97182', '121126', '0', '0.05506608', '0', '1', '1', '1', '1', ''),
('97182', '121128', '0', '5.300429', '0', '1', '1', '1', '1', ''),
('97182', '121130', '0', '0.256975', '0', '1', '1', '1', '1', ''),
('97182', '121131', '0', '0.1284875', '0', '1', '1', '1', '1', ''),
('97182', '121132', '0', '1.578561', '0', '1', '1', '1', '1', ''),
('97182', '121137', '0', '5.598385', '0', '1', '1', '1', '1', ''),
('97182', '121150', '0', '0.4221733', '0', '1', '1', '1', '1', ''),
('97182', '121151', '0', '0.1651982', '0', '1', '1', '1', '1', ''),
('97182', '121152', '0', '0.1284875', '0', '1', '1', '1', '1', ''),
('97182', '121153', '0', '0.458884', '0', '1', '1', '1', '1', ''),
('97182', '121154', '0', '0.1835536', '0', '1', '1', '1', '1', ''),
('97182', '121155', '0', '0.3487518', '0', '1', '1', '1', '1', ''),
('97182', '121156', '0', '0.2753304', '0', '1', '1', '1', '1', ''),
('97182', '121157', '0', '0.05506608', '0', '1', '1', '1', '1', ''),
('97182', '121158', '0', '1.54185', '0', '1', '1', '1', '1', ''),
('97182', '121159', '0', '0.5690162', '0', '1', '1', '1', '1', ''),
('97182', '121160', '0', '0.4772393', '0', '1', '1', '1', '1', ''),
('97182', '121161', '0', '0.4772393', '0', '1', '1', '1', '1', ''),
('97182', '121162', '0', '0.1835536', '0', '1', '1', '1', '1', ''),
('97182', '121164', '0', '0.1101322', '0', '1', '1', '1', '1', ''),
('97182', '121165', '0', '0.6975037', '0', '1', '1', '1', '1', ''),
('97182', '121332', '0', '0.2936858', '0', '1', '1', '1', '1', ''),
('97182', '121333', '0', '0.1835536', '0', '1', '1', '1', '1', ''),
('97182', '121334', '0', '0.3303965', '0', '1', '1', '1', '1', ''),
('97182', '121335', '0', '0.3854626', '0', '1', '1', '1', '1', ''),
('97182', '121336', '0', '0.2789699', '0', '1', '1', '1', '1', ''),
('97182', '121337', '0', '0.8627019', '0', '1', '1', '1', '1', ''),
('97182', '121339', '0', '0.1101322', '0', '1', '1', '1', '1', ''),
('97182', '121340', '0', '0.1651982', '0', '1', '1', '1', '1', ''),
('97182', '121341', '0', '0.1468429', '0', '1', '1', '1', '1', ''),
('97182', '121342', '0', '6.304986', '0', '1', '1', '1', '1', ''),
('97182', '121343', '0', '0.1835536', '0', '1', '1', '1', '1', ''),
('97182', '121344', '0', '0.201909', '0', '1', '1', '1', '1', ''),
('97182', '121345', '0', '0.3671072', '0', '1', '1', '1', '1', ''),
('97182', '121346', '0', '0.2936858', '0', '1', '1', '1', '1', ''),
('97182', '121349', '0', '0.1835536', '0', '1', '1', '1', '1', ''),
('97182', '121350', '0', '0.2753304', '0', '1', '1', '1', '1', ''),
('97182', '121351', '0', '0.7158591', '0', '1', '1', '1', '1', ''),
('97182', '121354', '0', '4.82746', '0', '1', '1', '1', '1', ''),
('97182', '121356', '0', '0.256975', '0', '1', '1', '1', '1', ''),
('97182', '121358', '0', '0.7342144', '0', '1', '1', '1', '1', ''),
('97182', '121360', '0', '0.1651982', '0', '1', '1', '1', '1', ''),
('97182', '121361', '0', '0.1651982', '0', '1', '1', '1', '1', ''),
('97182', '121362', '0', '0.4221733', '0', '1', '1', '1', '1', ''),
('97182', '121363', '0', '1.309013', '0', '1', '1', '1', '1', ''),
('97182', '121364', '0', '0.1835536', '0', '1', '1', '1', '1', ''),
('97182', '121365', '0', '1.486784', '0', '1', '1', '1', '1', ''),
('97182', '121366', '0', '0.2145923', '0', '1', '1', '1', '1', ''),
('97182', '121367', '0', '0.256975', '0', '1', '1', '1', '1', ''),
('97182', '121368', '0', '0.05506608', '0', '1', '1', '1', '1', ''),
('97182', '121369', '0', '0.1468429', '0', '1', '1', '1', '1', ''),
('97182', '121370', '0', '0.3671072', '0', '1', '1', '1', '1', ''),
('97182', '121371', '0', '0.2202643', '0', '1', '1', '1', '1', ''),
('97182', '121372', '0', '0.201909', '0', '1', '1', '1', '1', ''),
('97182', '121373', '0', '0.4405286', '0', '1', '1', '1', '1', ''),
('97182', '121376', '0', '0.05506608', '0', '1', '1', '1', '1', ''),
('97182', '121390', '0', '9', '0', '1', '1', '1', '1', ''),
('97182', '121391', '0', '0.06437768', '0', '1', '1', '1', '1', ''),
('97182', '121399', '0', '0.3648069', '0', '1', '1', '1', '1', ''),
('97182', '121401', '0', '0.05506608', '0', '1', '1', '1', '1', ''),
('97182', '121402', '0', '0.1287554', '0', '1', '1', '1', '1', ''),
('97182', '121405', '0', '0.06437768', '0', '1', '1', '1', '1', ''),
('97182', '121409', '0', '0.05506608', '0', '1', '1', '1', '1', ''),
('97182', '121410', '0', '0.1835536', '0', '1', '1', '1', '1', ''),
('97182', '121415', '0', '0.06437768', '0', '1', '1', '1', '1', ''),
('97182', '141286', '0', '0.2753304', '0', '1', '1', '1', '1', ''),
('97182', '141570', '0', '0.1466276', '0', '1', '1', '1', '1', '');


UPDATE `creature_template` SET `faction` = '14', `minlevel` =111, `maxlevel` =111, `rank` =1 WHERE `entry` = 97185;

REPLACE INTO `creature_template_locale` (entry, locale, Name, Title) VALUES (97185, 'esES', 'El Caminante de la Mugre', 'Fango de los mares');

UPDATE creature_template SET lootid = 97185 WHERE entry = 97185 AND lootid = 0;
DELETE FROM `creature_loot_template` WHERE `entry` = '97185';
INSERT INTO `creature_loot_template` (`entry`, `Item`, `Reference`, `Chance`, `QuestRequired`, `LootMode`, `GroupId`, `MinCount`, `MaxCount`, `Comment`) VALUES
('97185', '0', '97185', '100', '0', '1', '0', '2', '2', ''),
('97185', '121331', '0', '0.3180661', '0', '1', '0', '1', '1', ''),
('97185', '124437', '0', '45.27496', '0', '1', '0', '1', '3', ''),
('97185', '124438', '0', '2.562734', '0', '1', '0', '1', '4', ''),
('97185', '124439', '0', '3.310198', '0', '1', '0', '1', '4', ''),
('97185', '132183', '0', '6.727176', '0', '1', '0', '1', '1', ''),
('97185', '132229', '0', '1.121196', '0', '1', '0', '1', '1', ''),
('97185', '132231', '0', '21.19594', '0', '1', '0', '1', '1', ''),
('97185', '138000', '0', '0.3180661', '0', '1', '0', '1', '1', ''),
('97185', '138781', '0', '1.227977', '0', '1', '0', '1', '1', ''),
('97185', '138782', '0', '0.1601709', '0', '1', '0', '1', '1', ''),
('97185', '140220', '0', '2.290076', '0', '1', '0', '1', '1', ''),
('97185', '140221', '0', '0.1067806', '0', '1', '0', '1', '1', ''),
('97185', '140222', '0', '0.3203417', '0', '1', '0', '1', '1', ''),
('97185', '140224', '0', '0.1272265', '0', '1', '0', '1', '1', ''),
('97185', '140225', '0', '0.373732', '0', '1', '0', '1', '1', ''),
('97185', '140226', '0', '0.1908397', '0', '1', '0', '1', '1', ''),
('97185', '140227', '0', '0.4805126', '0', '1', '0', '1', '1', ''),
('97185', '141690', '0', '1.334757', '0', '1', '0', '1', '1', ''),
('97185', '144330', '0', '0.2669514', '0', '1', '0', '1', '1', ''),
('97185', '144345', '0', '0.1067806', '0', '1', '0', '1', '1', '');


DELETE FROM `reference_loot_template` WHERE `entry` = '97185';
INSERT INTO `reference_loot_template` (`entry`, `Item`, `Reference`, `Chance`, `QuestRequired`, `LootMode`, `GroupId`, `MinCount`, `MaxCount`, `Comment`) VALUES
('97185', '121111', '0', '0.3203417', '0', '1', '1', '1', '1', ''),
('97185', '121112', '0', '0.373732', '0', '1', '1', '1', '1', ''),
('97185', '121113', '0', '0.2135611', '0', '1', '1', '1', '1', ''),
('97185', '121114', '0', '0.4805126', '0', '1', '1', '1', '1', ''),
('97185', '121115', '0', '0.2669514', '0', '1', '1', '1', '1', ''),
('97185', '121116', '0', '0.1067806', '0', '1', '1', '1', '1', ''),
('97185', '121117', '0', '0.1067806', '0', '1', '1', '1', '1', ''),
('97185', '121118', '0', '0.1601709', '0', '1', '1', '1', '1', ''),
('97185', '121122', '0', '0.1601709', '0', '1', '1', '1', '1', ''),
('97185', '121126', '0', '0.1067806', '0', '1', '1', '1', '1', ''),
('97185', '121128', '0', '1.463104', '0', '1', '1', '1', '1', ''),
('97185', '121129', '0', '1.227977', '0', '1', '1', '1', '1', ''),
('97185', '121130', '0', '0.3203417', '0', '1', '1', '1', '1', ''),
('97185', '121131', '0', '0.3203417', '0', '1', '1', '1', '1', ''),
('97185', '121132', '0', '0.2669514', '0', '1', '1', '1', '1', ''),
('97185', '121133', '0', '2', '0', '1', '1', '1', '1', ''),
('97185', '121137', '0', '0.1601709', '0', '1', '1', '1', '1', ''),
('97185', '121138', '0', '0.7474639', '0', '1', '1', '1', '1', ''),
('97185', '121150', '0', '0.4452926', '0', '1', '1', '1', '1', ''),
('97185', '121151', '0', '0.2135611', '0', '1', '1', '1', '1', ''),
('97185', '121152', '0', '0.06361323', '0', '1', '1', '1', '1', ''),
('97185', '121153', '0', '0.1601709', '0', '1', '1', '1', '1', ''),
('97185', '121154', '0', '0.2135611', '0', '1', '1', '1', '1', ''),
('97185', '121155', '0', '0.2135611', '0', '1', '1', '1', '1', ''),
('97185', '121157', '0', '0.1601709', '0', '1', '1', '1', '1', ''),
('97185', '121158', '0', '0.1601709', '0', '1', '1', '1', '1', ''),
('97185', '121159', '0', '0.5872931', '0', '1', '1', '1', '1', ''),
('97185', '121160', '0', '0.1067806', '0', '1', '1', '1', '1', ''),
('97185', '121161', '0', '0.4805126', '0', '1', '1', '1', '1', ''),
('97185', '121162', '0', '0.1067806', '0', '1', '1', '1', '1', ''),
('97185', '121164', '0', '0.1067806', '0', '1', '1', '1', '1', ''),
('97185', '121165', '0', '0.4271223', '0', '1', '1', '1', '1', ''),
('97185', '121332', '0', '0.1601709', '0', '1', '1', '1', '1', ''),
('97185', '121334', '0', '0.6940737', '0', '1', '1', '1', '1', ''),
('97185', '121335', '0', '0.5872931', '0', '1', '1', '1', '1', ''),
('97185', '121336', '0', '0.6940737', '0', '1', '1', '1', '1', ''),
('97185', '121337', '0', '0.8542445', '0', '1', '1', '1', '1', ''),
('97185', '121338', '0', '2.16285', '0', '1', '1', '1', '1', ''),
('97185', '121339', '0', '0.05339028', '0', '1', '1', '1', '1', ''),
('97185', '121341', '0', '1', '0', '1', '1', '1', '1', ''),
('97185', '121343', '0', '0.3203417', '0', '1', '1', '1', '1', ''),
('97185', '121344', '0', '0.4271223', '0', '1', '1', '1', '1', ''),
('97185', '121345', '0', '0.5725191', '0', '1', '1', '1', '1', ''),
('97185', '121346', '0', '0.6940737', '0', '1', '1', '1', '1', ''),
('97185', '121349', '0', '4.538174', '0', '1', '1', '1', '1', ''),
('97185', '121350', '0', '1.388147', '0', '1', '1', '1', '1', ''),
('97185', '121351', '0', '0.05339028', '0', '1', '1', '1', '1', ''),
('97185', '121352', '0', '0.8542445', '0', '1', '1', '1', '1', ''),
('97185', '121353', '0', '0.4271223', '0', '1', '1', '1', '1', ''),
('97185', '121356', '0', '0.6406834', '0', '1', '1', '1', '1', ''),
('97185', '121357', '0', '0.373732', '0', '1', '1', '1', '1', ''),
('97185', '121358', '0', '0.3203417', '0', '1', '1', '1', '1', ''),
('97185', '121360', '0', '1', '0', '1', '1', '1', '1', ''),
('97185', '121361', '0', '4.271223', '0', '1', '1', '1', '1', ''),
('97185', '121362', '0', '0.4805126', '0', '1', '1', '1', '1', ''),
('97185', '121364', '0', '0.8008543', '0', '1', '1', '1', '1', ''),
('97185', '121365', '0', '0.1601709', '0', '1', '1', '1', '1', ''),
('97185', '121366', '0', '0.2669514', '0', '1', '1', '1', '1', ''),
('97185', '121367', '0', '0.2669514', '0', '1', '1', '1', '1', ''),
('97185', '121368', '0', '0.373732', '0', '1', '1', '1', '1', ''),
('97185', '121369', '0', '1', '0', '1', '1', '1', '1', ''),
('97185', '121370', '0', '0.3203417', '0', '1', '1', '1', '1', ''),
('97185', '121371', '0', '0.270636', '0', '1', '1', '1', '1', ''),
('97185', '121372', '0', '0.4805126', '0', '1', '1', '1', '1', ''),
('97185', '121373', '0', '0.1601709', '0', '1', '1', '1', '1', ''),
('97185', '121377', '0', '0.1908397', '0', '1', '1', '1', '1', ''),
('97185', '121378', '0', '0.1601709', '0', '1', '1', '1', '1', ''),
('97185', '121393', '0', '0.373732', '0', '1', '1', '1', '1', ''),
('97185', '121396', '0', '0.1601709', '0', '1', '1', '1', '1', ''),
('97185', '121397', '0', '0.05339028', '0', '1', '1', '1', '1', ''),
('97185', '121413', '0', '0.1067806', '0', '1', '1', '1', '1', ''),
('97185', '141286', '0', '0.3203417', '0', '1', '1', '1', '1', ''),
('97185', '141570', '0', '0.1908397', '0', '1', '1', '1', '1', ''),
('97185', '141581', '0', '0.1601709', '0', '1', '1', '1', '1', '');


UPDATE `creature_template` SET `faction` = '14', `minlevel` =111, `maxlevel` =111, `rank` =1 WHERE `entry` = 97200;

REPLACE INTO `creature_template_locale` (entry, locale, Name, Title) VALUES (97200, 'esES', 'Guardián de almas maldecido por el mar', '');

UPDATE creature_template SET lootid = 97200 WHERE entry = 97200 AND lootid = 0;
DELETE FROM `creature_loot_template` WHERE `entry` = '97200';
INSERT INTO `creature_loot_template` (`entry`, `Item`, `Reference`, `Chance`, `QuestRequired`, `LootMode`, `GroupId`, `MinCount`, `MaxCount`, `Comment`) VALUES
('97200', '0', '97200', '100', '0', '1', '0', '2', '2', ''),
('97200', '121331', '0', '0.077101', '0', '1', '0', '1', '1', ''),
('97200', '124124', '0', '1', '0', '1', '0', '1', '1', ''),
('97200', '124437', '0', '44.87632', '0', '1', '0', '1', '3', ''),
('97200', '124438', '0', '1.257951', '0', '1', '0', '1', '4', ''),
('97200', '124439', '0', '1.342756', '0', '1', '0', '1', '4', ''),
('97200', '132183', '0', '2.558304', '0', '1', '0', '1', '1', ''),
('97200', '132229', '0', '0.7491166', '0', '1', '0', '1', '1', ''),
('97200', '132231', '0', '10.77032', '0', '1', '0', '1', '1', ''),
('97200', '138000', '0', '0.07067138', '0', '1', '0', '1', '1', ''),
('97200', '138007', '0', '0.07067138', '0', '1', '0', '1', '1', ''),
('97200', '138781', '0', '1', '0', '1', '0', '1', '1', ''),
('97200', '139781', '0', '0.385505', '0', '1', '0', '1', '1', ''),
('97200', '140220', '0', '0.1272085', '0', '1', '0', '1', '1', ''),
('97200', '140221', '0', '0.3109541', '0', '1', '0', '1', '1', ''),
('97200', '140222', '0', '1', '0', '1', '0', '1', '1', ''),
('97200', '140224', '0', '0.2402827', '0', '1', '0', '1', '1', ''),
('97200', '140225', '0', '0.077101', '0', '1', '0', '1', '1', ''),
('97200', '140226', '0', '0.3109541', '0', '1', '0', '1', '1', ''),
('97200', '140227', '0', '0.7491166', '0', '1', '0', '1', '1', ''),
('97200', '141689', '0', '0.8339223', '0', '1', '0', '1', '1', ''),
('97200', '142119', '0', '0.09893993', '0', '1', '0', '1', '1', ''),
('97200', '144330', '0', '0.09893993', '0', '1', '0', '1', '1', ''),
('97200', '144345', '0', '0.1978799', '0', '1', '0', '1', '1', '');


DELETE FROM `reference_loot_template` WHERE `entry` = '97200';
INSERT INTO `reference_loot_template` (`entry`, `Item`, `Reference`, `Chance`, `QuestRequired`, `LootMode`, `GroupId`, `MinCount`, `MaxCount`, `Comment`) VALUES
('97200', '121111', '0', '0.7067138', '0', '1', '1', '1', '1', ''),
('97200', '121112', '0', '0.3957597', '0', '1', '1', '1', '1', ''),
('97200', '121113', '0', '0.4522968', '0', '1', '1', '1', '1', ''),
('97200', '121114', '0', '0.2826855', '0', '1', '1', '1', '1', ''),
('97200', '121115', '0', '0.3674912', '0', '1', '1', '1', '1', ''),
('97200', '121116', '0', '0.3674912', '0', '1', '1', '1', '1', ''),
('97200', '121117', '0', '0.3674912', '0', '1', '1', '1', '1', ''),
('97200', '121118', '0', '0.2968198', '0', '1', '1', '1', '1', ''),
('97200', '121122', '0', '0.2261484', '0', '1', '1', '1', '1', ''),
('97200', '121126', '0', '0.2402827', '0', '1', '1', '1', '1', ''),
('97200', '121127', '0', '0.155477', '0', '1', '1', '1', '1', ''),
('97200', '121129', '0', '0.3533569', '0', '1', '1', '1', '1', ''),
('97200', '121130', '0', '0.4946997', '0', '1', '1', '1', '1', ''),
('97200', '121131', '0', '0.254417', '0', '1', '1', '1', '1', ''),
('97200', '121132', '0', '0.3674912', '0', '1', '1', '1', '1', ''),
('97200', '121134', '0', '1.35689', '0', '1', '1', '1', '1', ''),
('97200', '121137', '0', '0.4805654', '0', '1', '1', '1', '1', ''),
('97200', '121138', '0', '0.1696113', '0', '1', '1', '1', '1', ''),
('97200', '121150', '0', '0.6360424', '0', '1', '1', '1', '1', ''),
('97200', '121151', '0', '0.08480565', '0', '1', '1', '1', '1', ''),
('97200', '121152', '0', '0.08480565', '0', '1', '1', '1', '1', ''),
('97200', '121153', '0', '0.3957597', '0', '1', '1', '1', '1', ''),
('97200', '121154', '0', '0.4664311', '0', '1', '1', '1', '1', ''),
('97200', '121155', '0', '0.155477', '0', '1', '1', '1', '1', ''),
('97200', '121156', '0', '0.4240283', '0', '1', '1', '1', '1', ''),
('97200', '121157', '0', '1.201413', '0', '1', '1', '1', '1', ''),
('97200', '121158', '0', '2.657244', '0', '1', '1', '1', '1', ''),
('97200', '121159', '0', '0.5371025', '0', '1', '1', '1', '1', ''),
('97200', '121160', '0', '0.155477', '0', '1', '1', '1', '1', ''),
('97200', '121161', '0', '0.254417', '0', '1', '1', '1', '1', ''),
('97200', '121162', '0', '1.512367', '0', '1', '1', '1', '1', ''),
('97200', '121163', '0', '0.2261484', '0', '1', '1', '1', '1', ''),
('97200', '121164', '0', '1', '0', '1', '1', '1', '1', ''),
('97200', '121165', '0', '0.409894', '0', '1', '1', '1', '1', ''),
('97200', '121332', '0', '0.7067138', '0', '1', '1', '1', '1', ''),
('97200', '121333', '0', '0.4946997', '0', '1', '1', '1', '1', ''),
('97200', '121334', '0', '0.3816254', '0', '1', '1', '1', '1', ''),
('97200', '121335', '0', '0.6501767', '0', '1', '1', '1', '1', ''),
('97200', '121336', '0', '2.699647', '0', '1', '1', '1', '1', ''),
('97200', '121337', '0', '1.215548', '0', '1', '1', '1', '1', ''),
('97200', '121339', '0', '0.2402827', '0', '1', '1', '1', '1', ''),
('97200', '121340', '0', '0.2402827', '0', '1', '1', '1', '1', ''),
('97200', '121341', '0', '0.3533569', '0', '1', '1', '1', '1', ''),
('97200', '121342', '0', '1.403238', '0', '1', '1', '1', '1', ''),
('97200', '121343', '0', '0.3674912', '0', '1', '1', '1', '1', ''),
('97200', '121344', '0', '0.8056537', '0', '1', '1', '1', '1', ''),
('97200', '121345', '0', '0.6784452', '0', '1', '1', '1', '1', ''),
('97200', '121346', '0', '0.4240283', '0', '1', '1', '1', '1', ''),
('97200', '121348', '0', '1.780919', '0', '1', '1', '1', '1', ''),
('97200', '121349', '0', '0.5371025', '0', '1', '1', '1', '1', ''),
('97200', '121350', '0', '1.45583', '0', '1', '1', '1', '1', ''),
('97200', '121351', '0', '0.565371', '0', '1', '1', '1', '1', ''),
('97200', '121352', '0', '0.3392226', '0', '1', '1', '1', '1', ''),
('97200', '121353', '0', '1', '0', '1', '1', '1', '1', ''),
('97200', '121355', '0', '1.295297', '0', '1', '1', '1', '1', ''),
('97200', '121356', '0', '0.3816254', '0', '1', '1', '1', '1', ''),
('97200', '121357', '0', '0.8056537', '0', '1', '1', '1', '1', ''),
('97200', '121358', '0', '0.2261484', '0', '1', '1', '1', '1', ''),
('97200', '121360', '0', '1', '0', '1', '1', '1', '1', ''),
('97200', '121361', '0', '0.4946997', '0', '1', '1', '1', '1', ''),
('97200', '121362', '0', '0.3957597', '0', '1', '1', '1', '1', ''),
('97200', '121364', '0', '1.469965', '0', '1', '1', '1', '1', ''),
('97200', '121365', '0', '1.229682', '0', '1', '1', '1', '1', ''),
('97200', '121367', '0', '0.1837456', '0', '1', '1', '1', '1', ''),
('97200', '121368', '0', '0.3533569', '0', '1', '1', '1', '1', ''),
('97200', '121369', '0', '3.745583', '0', '1', '1', '1', '1', ''),
('97200', '121370', '0', '0.2402827', '0', '1', '1', '1', '1', ''),
('97200', '121371', '0', '0.565371', '0', '1', '1', '1', '1', ''),
('97200', '121372', '0', '0.3392226', '0', '1', '1', '1', '1', ''),
('97200', '121373', '0', '0.5371025', '0', '1', '1', '1', '1', ''),
('97200', '121383', '0', '0.3238242', '0', '1', '1', '1', '1', ''),
('97200', '121386', '0', '0.09893993', '0', '1', '1', '1', '1', ''),
('97200', '121393', '0', '0.08136696', '0', '1', '1', '1', '1', ''),
('97200', '121400', '0', '0.0565371', '0', '1', '1', '1', '1', ''),
('97200', '121404', '0', '0.1272085', '0', '1', '1', '1', '1', ''),
('97200', '121407', '0', '0.1413428', '0', '1', '1', '1', '1', ''),
('97200', '121410', '0', '0.1130742', '0', '1', '1', '1', '1', ''),
('97200', '121414', '0', '0.0565371', '0', '1', '1', '1', '1', ''),
('97200', '133614', '0', '0.231303', '0', '1', '1', '1', '1', ''),
('97200', '133616', '0', '0.09893993', '0', '1', '1', '1', '1', ''),
('97200', '133637', '0', '0.4664311', '0', '1', '1', '1', '1', ''),
('97200', '141286', '0', '0.6925795', '0', '1', '1', '1', '1', ''),
('97200', '141287', '0', '3.702197', '0', '1', '1', '1', '1', '');


UPDATE `creature_template` SET `faction` = '14', `minlevel` =110, `maxlevel` =110, `rank` =1 WHERE `entry` = 97365;

REPLACE INTO `creature_template_locale` (entry, locale, Name, Title) VALUES (97365, 'esES', 'Curanieblas maldecida por el mar', '');

UPDATE creature_template SET lootid = 97365 WHERE entry = 97365 AND lootid = 0;
DELETE FROM `creature_loot_template` WHERE `entry` = '97365';
INSERT INTO `creature_loot_template` (`entry`, `Item`, `Reference`, `Chance`, `QuestRequired`, `LootMode`, `GroupId`, `MinCount`, `MaxCount`, `Comment`) VALUES
('97365', '0', '97365', '100', '0', '1', '0', '2', '2', ''),
('97365', '121374', '0', '0.2474227', '0', '1', '0', '1', '1', ''),
('97365', '121385', '0', '0.1951854', '0', '1', '0', '1', '1', ''),
('97365', '121394', '0', '0.2886598', '0', '1', '0', '1', '1', ''),
('97365', '124437', '0', '45.67273', '0', '1', '0', '1', '3', ''),
('97365', '124438', '0', '0.8', '0', '1', '0', '1', '4', ''),
('97365', '124439', '0', '0.6545454', '0', '1', '0', '1', '4', ''),
('97365', '132229', '0', '0.5818182', '0', '1', '0', '1', '1', ''),
('97365', '132231', '0', '4.109091', '0', '1', '0', '1', '1', ''),
('97365', '138000', '0', '0.07272727', '0', '1', '0', '1', '1', ''),
('97365', '138781', '0', '0.8727273', '0', '1', '0', '1', '1', ''),
('97365', '138782', '0', '0.3636364', '0', '1', '0', '1', '1', ''),
('97365', '140220', '0', '0.08247422', '0', '1', '0', '1', '1', ''),
('97365', '140221', '0', '0.2545455', '0', '1', '0', '1', '1', ''),
('97365', '140222', '0', '0.7636364', '0', '1', '0', '1', '1', ''),
('97365', '140224', '0', '0.4363636', '0', '1', '0', '1', '1', ''),
('97365', '140225', '0', '0.1090909', '0', '1', '0', '1', '1', ''),
('97365', '140226', '0', '0.5454546', '0', '1', '0', '1', '1', ''),
('97365', '140227', '0', '0.6181818', '0', '1', '0', '1', '1', ''),
('97365', '144345', '0', '0.2909091', '0', '1', '0', '1', '1', '');


DELETE FROM `reference_loot_template` WHERE `entry` = '97365';
INSERT INTO `reference_loot_template` (`entry`, `Item`, `Reference`, `Chance`, `QuestRequired`, `LootMode`, `GroupId`, `MinCount`, `MaxCount`, `Comment`) VALUES
('97365', '121111', '0', '0.4727273', '0', '1', '1', '1', '1', ''),
('97365', '121112', '0', '0.4727273', '0', '1', '1', '1', '1', ''),
('97365', '121113', '0', '0.2181818', '0', '1', '1', '1', '1', ''),
('97365', '121114', '0', '0.3272727', '0', '1', '1', '1', '1', ''),
('97365', '121115', '0', '0.2181818', '0', '1', '1', '1', '1', ''),
('97365', '121116', '0', '0.3636364', '0', '1', '1', '1', '1', ''),
('97365', '121117', '0', '0.3636364', '0', '1', '1', '1', '1', ''),
('97365', '121118', '0', '3.563636', '0', '1', '1', '1', '1', ''),
('97365', '121122', '0', '3.272727', '0', '1', '1', '1', '1', ''),
('97365', '121126', '0', '0.5360824', '0', '1', '1', '1', '1', ''),
('97365', '121127', '0', '0.1818182', '0', '1', '1', '1', '1', ''),
('97365', '121129', '0', '2.109091', '0', '1', '1', '1', '1', ''),
('97365', '121130', '0', '0.2909091', '0', '1', '1', '1', '1', ''),
('97365', '121131', '0', '0.1090909', '0', '1', '1', '1', '1', ''),
('97365', '121132', '0', '0.2886598', '0', '1', '1', '1', '1', ''),
('97365', '121137', '0', '0.4727273', '0', '1', '1', '1', '1', ''),
('97365', '121138', '0', '1.490909', '0', '1', '1', '1', '1', ''),
('97365', '121150', '0', '0.2909091', '0', '1', '1', '1', '1', ''),
('97365', '121151', '0', '1', '0', '1', '1', '1', '1', ''),
('97365', '121152', '0', '0.5454546', '0', '1', '1', '1', '1', ''),
('97365', '121153', '0', '0.1090909', '0', '1', '1', '1', '1', ''),
('97365', '121154', '0', '0.8', '0', '1', '1', '1', '1', ''),
('97365', '121155', '0', '0.2181818', '0', '1', '1', '1', '1', ''),
('97365', '121156', '0', '0.6181818', '0', '1', '1', '1', '1', ''),
('97365', '121157', '0', '0.2909091', '0', '1', '1', '1', '1', ''),
('97365', '121158', '0', '0.1090909', '0', '1', '1', '1', '1', ''),
('97365', '121159', '0', '0.2181818', '0', '1', '1', '1', '1', ''),
('97365', '121160', '0', '1.163636', '0', '1', '1', '1', '1', ''),
('97365', '121161', '0', '0.2545455', '0', '1', '1', '1', '1', ''),
('97365', '121162', '0', '0.3272727', '0', '1', '1', '1', '1', ''),
('97365', '121163', '0', '0.1818182', '0', '1', '1', '1', '1', ''),
('97365', '121164', '0', '0.3636364', '0', '1', '1', '1', '1', ''),
('97365', '121165', '0', '0.7272727', '0', '1', '1', '1', '1', ''),
('97365', '121332', '0', '0.5818182', '0', '1', '1', '1', '1', ''),
('97365', '121333', '0', '0.8', '0', '1', '1', '1', '1', ''),
('97365', '121334', '0', '0.07272727', '0', '1', '1', '1', '1', ''),
('97365', '121335', '0', '0.4363636', '0', '1', '1', '1', '1', ''),
('97365', '121336', '0', '1.309091', '0', '1', '1', '1', '1', ''),
('97365', '121337', '0', '0.6545454', '0', '1', '1', '1', '1', ''),
('97365', '121338', '0', '1.636364', '0', '1', '1', '1', '1', ''),
('97365', '121339', '0', '0.5454546', '0', '1', '1', '1', '1', ''),
('97365', '121340', '0', '1.309091', '0', '1', '1', '1', '1', ''),
('97365', '121341', '0', '0.07272727', '0', '1', '1', '1', '1', ''),
('97365', '121343', '0', '0.3636364', '0', '1', '1', '1', '1', ''),
('97365', '121344', '0', '0.6545454', '0', '1', '1', '1', '1', ''),
('97365', '121345', '0', '0.5454546', '0', '1', '1', '1', '1', ''),
('97365', '121346', '0', '0.4363636', '0', '1', '1', '1', '1', ''),
('97365', '121349', '0', '0.6181818', '0', '1', '1', '1', '1', ''),
('97365', '121350', '0', '0.1090909', '0', '1', '1', '1', '1', ''),
('97365', '121351', '0', '0.4363636', '0', '1', '1', '1', '1', ''),
('97365', '121352', '0', '0.2909091', '0', '1', '1', '1', '1', ''),
('97365', '121353', '0', '0.2545455', '0', '1', '1', '1', '1', ''),
('97365', '121354', '0', '2.268041', '0', '1', '1', '1', '1', ''),
('97365', '121356', '0', '1', '0', '1', '1', '1', '1', ''),
('97365', '121357', '0', '0.6181818', '0', '1', '1', '1', '1', ''),
('97365', '121358', '0', '0.1454545', '0', '1', '1', '1', '1', ''),
('97365', '121360', '0', '0.1818182', '0', '1', '1', '1', '1', ''),
('97365', '121361', '0', '1.563636', '0', '1', '1', '1', '1', ''),
('97365', '121362', '0', '0.6181818', '0', '1', '1', '1', '1', ''),
('97365', '121364', '0', '1.309091', '0', '1', '1', '1', '1', ''),
('97365', '121365', '0', '0.4363636', '0', '1', '1', '1', '1', ''),
('97365', '121366', '0', '1', '0', '1', '1', '1', '1', ''),
('97365', '121367', '0', '0.8363636', '0', '1', '1', '1', '1', ''),
('97365', '121368', '0', '3.345454', '0', '1', '1', '1', '1', ''),
('97365', '121369', '0', '1', '0', '1', '1', '1', '1', ''),
('97365', '121370', '0', '0.7272727', '0', '1', '1', '1', '1', ''),
('97365', '121371', '0', '0.1818182', '0', '1', '1', '1', '1', ''),
('97365', '121372', '0', '0.7272727', '0', '1', '1', '1', '1', ''),
('97365', '121373', '0', '0.3272727', '0', '1', '1', '1', '1', ''),
('97365', '121381', '0', '0.1090909', '0', '1', '1', '1', '1', ''),
('97365', '121383', '0', '0.1090909', '0', '1', '1', '1', '1', ''),
('97365', '121384', '0', '0.07272727', '0', '1', '1', '1', '1', ''),
('97365', '121387', '0', '0.07272727', '0', '1', '1', '1', '1', ''),
('97365', '121388', '0', '0.08247422', '0', '1', '1', '1', '1', ''),
('97365', '121411', '0', '0.2545455', '0', '1', '1', '1', '1', ''),
('97365', '121414', '0', '0.1951854', '0', '1', '1', '1', '1', ''),
('97365', '141286', '0', '0.6181818', '0', '1', '1', '1', '1', ''),
('97365', '141577', '0', '0.1090909', '0', '1', '1', '1', '1', '');


UPDATE `creature_template` SET `faction` = '14', `minlevel` =112, `maxlevel` =112, `rank` =1 WHERE `entry` = 98246;

REPLACE INTO `creature_template_locale` (entry, locale, Name, Title) VALUES (98246, 'esES', 'Guerrero resucitado', '');

UPDATE `creature_template` SET `faction` = '14', `minlevel` =111, `maxlevel` =111, `rank` =1 WHERE `entry` = 98363;

REPLACE INTO `creature_template_locale` (entry, locale, Name, Title) VALUES (98363, 'esES', 'Tentáculo enredador', '');

UPDATE `creature_template` SET `faction` = '14', `minlevel` =111, `maxlevel` =111, `rank` =1 WHERE `entry` = 98693;

REPLACE INTO `creature_template_locale` (entry, locale, Name, Title) VALUES (98693, 'esES', 'Servidor encadenado', '');

UPDATE `creature_template` SET `faction` = '14', `minlevel` =110, `maxlevel` =110, `rank` =1 WHERE `entry` = 98761;

REPLACE INTO `creature_template_locale` (entry, locale, Name, Title) VALUES (98761, 'esES', 'Trozo de alma', '');

UPDATE `creature_template` SET `faction` = '14', `minlevel` =110, `maxlevel` =110, `rank` =1 WHERE `entry` = 98919;

REPLACE INTO `creature_template_locale` (entry, locale, Name, Title) VALUES (98919, 'esES', 'Hojágil maldecido por el mar', '');

UPDATE creature_template SET lootid = 98919 WHERE entry = 98919 AND lootid = 0;
DELETE FROM `creature_loot_template` WHERE `entry` = '98919';
INSERT INTO `creature_loot_template` (`entry`, `Item`, `Reference`, `Chance`, `QuestRequired`, `LootMode`, `GroupId`, `MinCount`, `MaxCount`, `Comment`) VALUES
('98919', '0', '98919', '100', '0', '1', '0', '2', '2', ''),
('98919', '121331', '0', '0.1493241', '0', '1', '0', '1', '1', ''),
('98919', '121389', '0', '0.07073247', '0', '1', '0', '1', '1', ''),
('98919', '124437', '0', '38.83213', '0', '1', '0', '1', '3', ''),
('98919', '124438', '0', '1.265325', '0', '1', '0', '1', '4', ''),
('98919', '124439', '0', '1.178875', '0', '1', '0', '1', '4', ''),
('98919', '132183', '0', '3', '0', '1', '0', '1', '1', ''),
('98919', '132229', '0', '0.5344231', '0', '1', '0', '1', '1', ''),
('98919', '132231', '0', '9.58818', '0', '1', '0', '1', '1', ''),
('98919', '136564', '0', '0.07073247', '0', '1', '0', '1', '1', ''),
('98919', '138781', '0', '1.281044', '0', '1', '0', '1', '1', ''),
('98919', '138782', '0', '0.2121974', '0', '1', '0', '1', '1', ''),
('98919', '138786', '0', '0.6238859', '0', '1', '0', '1', '1', ''),
('98919', '140220', '0', '0.1178875', '0', '1', '0', '1', '1', ''),
('98919', '140221', '0', '0.7466205', '0', '1', '0', '1', '1', ''),
('98919', '140222', '0', '1.202452', '0', '1', '0', '1', '1', ''),
('98919', '140224', '0', '0.1414649', '0', '1', '0', '1', '1', ''),
('98919', '140225', '0', '0.06287331', '0', '1', '0', '1', '1', ''),
('98919', '140226', '0', '0.4872681', '0', '1', '0', '1', '1', ''),
('98919', '140227', '0', '0.1650424', '0', '1', '0', '1', '1', ''),
('98919', '144330', '0', '0.1257466', '0', '1', '0', '1', '1', ''),
('98919', '144345', '0', '0.7466205', '0', '1', '0', '1', '1', '');


DELETE FROM `reference_loot_template` WHERE `entry` = '98919';
INSERT INTO `reference_loot_template` (`entry`, `Item`, `Reference`, `Chance`, `QuestRequired`, `LootMode`, `GroupId`, `MinCount`, `MaxCount`, `Comment`) VALUES
('98919', '121111', '0', '0.3300849', '0', '1', '1', '1', '1', ''),
('98919', '121112', '0', '0.3536624', '0', '1', '1', '1', '1', ''),
('98919', '121113', '0', '0.3929582', '0', '1', '1', '1', '1', ''),
('98919', '121114', '0', '0.2121974', '0', '1', '1', '1', '1', ''),
('98919', '121115', '0', '0.4165357', '0', '1', '1', '1', '1', ''),
('98919', '121116', '0', '0.3772399', '0', '1', '1', '1', '1', ''),
('98919', '121117', '0', '0.4715498', '0', '1', '1', '1', '1', ''),
('98919', '121118', '0', '0.1807608', '0', '1', '1', '1', '1', ''),
('98919', '121122', '0', '0.3693807', '0', '1', '1', '1', '1', ''),
('98919', '121124', '0', '6.719585', '0', '1', '1', '1', '1', ''),
('98919', '121126', '0', '0.3065074', '0', '1', '1', '1', '1', ''),
('98919', '121127', '0', '1', '0', '1', '1', '1', '1', ''),
('98919', '121128', '0', '0.6523106', '0', '1', '1', '1', '1', ''),
('98919', '121129', '0', '0.3929582', '0', '1', '1', '1', '1', ''),
('98919', '121130', '0', '5.328513', '0', '1', '1', '1', '1', ''),
('98919', '121131', '0', '0.337944', '0', '1', '1', '1', '1', ''),
('98919', '121132', '0', '0.2436341', '0', '1', '1', '1', '1', ''),
('98919', '121137', '0', '0.7073247', '0', '1', '1', '1', '1', ''),
('98919', '121138', '0', '0.1178875', '0', '1', '1', '1', '1', ''),
('98919', '121150', '0', '0.3300849', '0', '1', '1', '1', '1', ''),
('98919', '121151', '0', '1', '0', '1', '1', '1', '1', ''),
('98919', '121152', '0', '0.1886199', '0', '1', '1', '1', '1', ''),
('98919', '121153', '0', '1.304621', '0', '1', '1', '1', '1', ''),
('98919', '121154', '0', '0.385099', '0', '1', '1', '1', '1', ''),
('98919', '121155', '0', '0.3693807', '0', '1', '1', '1', '1', ''),
('98919', '121156', '0', '0.1571833', '0', '1', '1', '1', '1', ''),
('98919', '121157', '0', '0.4872681', '0', '1', '1', '1', '1', ''),
('98919', '121159', '0', '0.3772399', '0', '1', '1', '1', '1', ''),
('98919', '121160', '0', '1.587551', '0', '1', '1', '1', '1', ''),
('98919', '121161', '0', '1.556114', '0', '1', '1', '1', '1', ''),
('98919', '121162', '0', '0.2750707', '0', '1', '1', '1', '1', ''),
('98919', '121163', '0', '0.5422823', '0', '1', '1', '1', '1', ''),
('98919', '121164', '0', '0.3536624', '0', '1', '1', '1', '1', ''),
('98919', '121165', '0', '0.3772399', '0', '1', '1', '1', '1', ''),
('98919', '121332', '0', '0.2279157', '0', '1', '1', '1', '1', ''),
('98919', '121333', '0', '0.8566489', '0', '1', '1', '1', '1', ''),
('98919', '121334', '0', '0.4086765', '0', '1', '1', '1', '1', ''),
('98919', '121335', '0', '0.4479723', '0', '1', '1', '1', '1', ''),
('98919', '121336', '0', '0.5344231', '0', '1', '1', '1', '1', ''),
('98919', '121337', '0', '0.2672116', '0', '1', '1', '1', '1', ''),
('98919', '121338', '0', '4.665705', '0', '1', '1', '1', '1', ''),
('98919', '121339', '0', '0.4086765', '0', '1', '1', '1', '1', ''),
('98919', '121340', '0', '1.265325', '0', '1', '1', '1', '1', ''),
('98919', '121341', '0', '0.5029865', '0', '1', '1', '1', '1', ''),
('98919', '121342', '0', '0.526564', '0', '1', '1', '1', '1', ''),
('98919', '121343', '0', '0.6365923', '0', '1', '1', '1', '1', ''),
('98919', '121344', '0', '1', '0', '1', '1', '1', '1', ''),
('98919', '121345', '0', '1.241748', '0', '1', '1', '1', '1', ''),
('98919', '121346', '0', '0.5894373', '0', '1', '1', '1', '1', ''),
('98919', '121348', '0', '1', '0', '1', '1', '1', '1', ''),
('98919', '121349', '0', '0.3222257', '0', '1', '1', '1', '1', ''),
('98919', '121350', '0', '1.854763', '0', '1', '1', '1', '1', ''),
('98919', '121351', '0', '1', '0', '1', '1', '1', '1', ''),
('98919', '121352', '0', '1', '0', '1', '1', '1', '1', ''),
('98919', '121353', '0', '1', '0', '1', '1', '1', '1', ''),
('98919', '121356', '0', '0.526564', '0', '1', '1', '1', '1', ''),
('98919', '121357', '0', '1.163156', '0', '1', '1', '1', '1', ''),
('98919', '121358', '0', '1', '0', '1', '1', '1', '1', ''),
('98919', '121359', '0', '0.67959', '0', '1', '1', '1', '1', ''),
('98919', '121360', '0', '0.4479723', '0', '1', '1', '1', '1', ''),
('98919', '121361', '0', '0.2357749', '0', '1', '1', '1', '1', ''),
('98919', '121362', '0', '1.116001', '0', '1', '1', '1', '1', ''),
('98919', '121363', '0', '0.526564', '0', '1', '1', '1', '1', ''),
('98919', '121364', '0', '0.3458032', '0', '1', '1', '1', '1', ''),
('98919', '121365', '0', '0.6130148', '0', '1', '1', '1', '1', ''),
('98919', '121366', '0', '1', '0', '1', '1', '1', '1', ''),
('98919', '121367', '0', '0.3772399', '0', '1', '1', '1', '1', ''),
('98919', '121368', '0', '0.5029865', '0', '1', '1', '1', '1', ''),
('98919', '121369', '0', '0.5815781', '0', '1', '1', '1', '1', ''),
('98919', '121370', '0', '2.176988', '0', '1', '1', '1', '1', ''),
('98919', '121371', '0', '0.3300849', '0', '1', '1', '1', '1', ''),
('98919', '121372', '0', '0.7073247', '0', '1', '1', '1', '1', ''),
('98919', '121373', '0', '0.337944', '0', '1', '1', '1', '1', ''),
('98919', '121377', '0', '0.2562388', '0', '1', '1', '1', '1', ''),
('98919', '121384', '0', '0.07859164', '0', '1', '1', '1', '1', ''),
('98919', '121390', '0', '0.07859164', '0', '1', '1', '1', '1', ''),
('98919', '121391', '0', '0.05501415', '0', '1', '1', '1', '1', ''),
('98919', '121392', '0', '0.06287331', '0', '1', '1', '1', '1', ''),
('98919', '121405', '0', '0.05501415', '0', '1', '1', '1', '1', ''),
('98919', '121406', '0', '0.1443001', '0', '1', '1', '1', '1', ''),
('98919', '121409', '0', '0.1114082', '0', '1', '1', '1', '1', ''),
('98919', '121410', '0', '0.09430996', '0', '1', '1', '1', '1', ''),
('98919', '141286', '0', '0.337944', '0', '1', '1', '1', '1', ''),
('98919', '141569', '0', '0.07215007', '0', '1', '1', '1', '1', '');


UPDATE `creature_template` SET `faction` = '14', `minlevel` =110, `maxlevel` =110, `rank` =1 WHERE `entry` = 98973;

REPLACE INTO `creature_template_locale` (entry, locale, Name, Title) VALUES (98973, 'esES', 'Guerrero esquelético', '');

UPDATE `creature_template` SET `faction` = '14', `minlevel` =111, `maxlevel` =111, `rank` =1 WHERE `entry` = 99033;

REPLACE INTO `creature_template_locale` (entry, locale, Name, Title) VALUES (99033, 'esES', 'Clamaneblina Helarjar', '');

UPDATE creature_template SET lootid = 99033 WHERE entry = 99033 AND lootid = 0;
DELETE FROM `creature_loot_template` WHERE `entry` = '99033';
INSERT INTO `creature_loot_template` (`entry`, `Item`, `Reference`, `Chance`, `QuestRequired`, `LootMode`, `GroupId`, `MinCount`, `MaxCount`, `Comment`) VALUES
('99033', '0', '99033', '100', '0', '1', '0', '2', '2', ''),
('99033', '121385', '0', '0.0778513', '0', '1', '0', '1', '1', ''),
('99033', '121394', '0', '0.08486563', '0', '1', '0', '1', '1', ''),
('99033', '121408', '0', '0.1946283', '0', '1', '0', '1', '1', ''),
('99033', '124437', '0', '54', '0', '1', '0', '1', '3', ''),
('99033', '124438', '0', '0.3677511', '0', '1', '0', '1', '3', ''),
('99033', '124439', '0', '0.08486563', '0', '1', '0', '4', '4', ''),
('99033', '132229', '0', '0.1980198', '0', '1', '0', '1', '1', ''),
('99033', '138000', '0', '0.3892565', '0', '1', '0', '1', '1', ''),
('99033', '138781', '0', '1.725601', '0', '1', '0', '1', '1', ''),
('99033', '138782', '0', '0.1697313', '0', '1', '0', '1', '1', ''),
('99033', '140220', '0', '0.08486563', '0', '1', '0', '1', '1', ''),
('99033', '140221', '0', '0.3960396', '0', '1', '0', '1', '1', ''),
('99033', '140222', '0', '1.131542', '0', '1', '0', '1', '1', ''),
('99033', '140224', '0', '0.2828854', '0', '1', '0', '1', '1', ''),
('99033', '140225', '0', '0.1557026', '0', '1', '0', '1', '1', ''),
('99033', '140226', '0', '0.1980198', '0', '1', '0', '1', '1', ''),
('99033', '140227', '0', '0.8769448', '0', '1', '0', '1', '1', ''),
('99033', '144330', '0', '0.08486563', '0', '1', '0', '1', '1', ''),
('99033', '144345', '0', '2', '0', '1', '0', '1', '1', '');


DELETE FROM `reference_loot_template` WHERE `entry` = '99033';
INSERT INTO `reference_loot_template` (`entry`, `Item`, `Reference`, `Chance`, `QuestRequired`, `LootMode`, `GroupId`, `MinCount`, `MaxCount`, `Comment`) VALUES
('99033', '121111', '0', '0.1414427', '0', '1', '1', '1', '1', ''),
('99033', '121112', '0', '0.678925', '0', '1', '1', '1', '1', ''),
('99033', '121113', '0', '0.7355021', '0', '1', '1', '1', '1', ''),
('99033', '121114', '0', '0.1980198', '0', '1', '1', '1', '1', ''),
('99033', '121115', '0', '0.3677511', '0', '1', '1', '1', '1', ''),
('99033', '121116', '0', '0.1131542', '0', '1', '1', '1', '1', ''),
('99033', '121117', '0', '0.3394625', '0', '1', '1', '1', '1', ''),
('99033', '121118', '0', '0.311174', '0', '1', '1', '1', '1', ''),
('99033', '121122', '0', '0.1697313', '0', '1', '1', '1', '1', ''),
('99033', '121126', '0', '0.2828854', '0', '1', '1', '1', '1', ''),
('99033', '121127', '0', '0.7072136', '0', '1', '1', '1', '1', ''),
('99033', '121129', '0', '0.2828854', '0', '1', '1', '1', '1', ''),
('99033', '121131', '0', '1.640736', '0', '1', '1', '1', '1', ''),
('99033', '121132', '0', '0.5374823', '0', '1', '1', '1', '1', ''),
('99033', '121137', '0', '0.1697313', '0', '1', '1', '1', '1', ''),
('99033', '121138', '0', '0.1980198', '0', '1', '1', '1', '1', ''),
('99033', '121150', '0', '0.4243281', '0', '1', '1', '1', '1', ''),
('99033', '121151', '0', '1.35785', '0', '1', '1', '1', '1', ''),
('99033', '121152', '0', '0.2828854', '0', '1', '1', '1', '1', ''),
('99033', '121153', '0', '0.1980198', '0', '1', '1', '1', '1', ''),
('99033', '121154', '0', '0.1980198', '0', '1', '1', '1', '1', ''),
('99033', '121155', '0', '0.4243281', '0', '1', '1', '1', '1', ''),
('99033', '121156', '0', '1', '0', '1', '1', '1', '1', ''),
('99033', '121157', '0', '0.08486563', '0', '1', '1', '1', '1', ''),
('99033', '121158', '0', '0.622348', '0', '1', '1', '1', '1', ''),
('99033', '121159', '0', '0.3677511', '0', '1', '1', '1', '1', ''),
('99033', '121160', '0', '0.4809052', '0', '1', '1', '1', '1', ''),
('99033', '121161', '0', '0.1697313', '0', '1', '1', '1', '1', ''),
('99033', '121162', '0', '2.461103', '0', '1', '1', '1', '1', ''),
('99033', '121163', '0', '0.5657709', '0', '1', '1', '1', '1', ''),
('99033', '121164', '0', '0.5091938', '0', '1', '1', '1', '1', ''),
('99033', '121165', '0', '0.2828854', '0', '1', '1', '1', '1', ''),
('99033', '121332', '0', '0.3677511', '0', '1', '1', '1', '1', ''),
('99033', '121333', '0', '0.5374823', '0', '1', '1', '1', '1', ''),
('99033', '121334', '0', '0.1980198', '0', '1', '1', '1', '1', ''),
('99033', '121335', '0', '0.3677511', '0', '1', '1', '1', '1', ''),
('99033', '121336', '0', '0.1131542', '0', '1', '1', '1', '1', ''),
('99033', '121337', '0', '0.5091938', '0', '1', '1', '1', '1', ''),
('99033', '121338', '0', '1.471004', '0', '1', '1', '1', '1', ''),
('99033', '121339', '0', '0.08486563', '0', '1', '1', '1', '1', ''),
('99033', '121340', '0', '2.376238', '0', '1', '1', '1', '1', ''),
('99033', '121341', '0', '0.1980198', '0', '1', '1', '1', '1', ''),
('99033', '121343', '0', '1.216407', '0', '1', '1', '1', '1', ''),
('99033', '121344', '0', '1', '0', '1', '1', '1', '1', ''),
('99033', '121345', '0', '0.5374823', '0', '1', '1', '1', '1', ''),
('99033', '121346', '0', '1.414427', '0', '1', '1', '1', '1', ''),
('99033', '121347', '0', '1.725601', '0', '1', '1', '1', '1', ''),
('99033', '121348', '0', '4', '0', '1', '1', '1', '1', ''),
('99033', '121349', '0', '0.3960396', '0', '1', '1', '1', '1', ''),
('99033', '121350', '0', '1.782178', '0', '1', '1', '1', '1', ''),
('99033', '121351', '0', '0.3677511', '0', '1', '1', '1', '1', ''),
('99033', '121352', '0', '1.782178', '0', '1', '1', '1', '1', ''),
('99033', '121353', '0', '0.5940594', '0', '1', '1', '1', '1', ''),
('99033', '121355', '0', '3', '0', '1', '1', '1', '1', ''),
('99033', '121356', '0', '0.1980198', '0', '1', '1', '1', '1', ''),
('99033', '121357', '0', '1', '0', '1', '1', '1', '1', ''),
('99033', '121358', '0', '0.7355021', '0', '1', '1', '1', '1', ''),
('99033', '121360', '0', '0.8203678', '0', '1', '1', '1', '1', ''),
('99033', '121361', '0', '0.3960396', '0', '1', '1', '1', '1', ''),
('99033', '121362', '0', '0.4526167', '0', '1', '1', '1', '1', ''),
('99033', '121364', '0', '0.2263083', '0', '1', '1', '1', '1', ''),
('99033', '121365', '0', '0.678925', '0', '1', '1', '1', '1', ''),
('99033', '121366', '0', '0.3960396', '0', '1', '1', '1', '1', ''),
('99033', '121367', '0', '0.5091938', '0', '1', '1', '1', '1', ''),
('99033', '121368', '0', '0.2828854', '0', '1', '1', '1', '1', ''),
('99033', '121369', '0', '0.4243281', '0', '1', '1', '1', '1', ''),
('99033', '121370', '0', '4.780764', '0', '1', '1', '1', '1', ''),
('99033', '121371', '0', '0.5657709', '0', '1', '1', '1', '1', ''),
('99033', '121372', '0', '0.7355021', '0', '1', '1', '1', '1', ''),
('99033', '121373', '0', '0.2828854', '0', '1', '1', '1', '1', ''),
('99033', '121376', '0', '0.05657709', '0', '1', '1', '1', '1', ''),
('99033', '121384', '0', '0.1131542', '0', '1', '1', '1', '1', ''),
('99033', '121390', '0', '0.7072136', '0', '1', '1', '1', '1', ''),
('99033', '121391', '0', '0.3394625', '0', '1', '1', '1', '1', ''),
('99033', '121392', '0', '0.0778513', '0', '1', '1', '1', '1', ''),
('99033', '121400', '0', '0.08486563', '0', '1', '1', '1', '1', ''),
('99033', '121402', '0', '0.116777', '0', '1', '1', '1', '1', ''),
('99033', '121404', '0', '0.08486563', '0', '1', '1', '1', '1', ''),
('99033', '121406', '0', '0.05657709', '0', '1', '1', '1', '1', ''),
('99033', '121407', '0', '0.08486563', '0', '1', '1', '1', '1', ''),
('99033', '121412', '0', '0.0778513', '0', '1', '1', '1', '1', ''),
('99033', '121415', '0', '0.05657709', '0', '1', '1', '1', '1', ''),
('99033', '141286', '0', '0.3394625', '0', '1', '1', '1', '1', '');


UPDATE `creature_template` SET `faction` = '14', `minlevel` =111, `maxlevel` =111, `rank` =1 WHERE `entry` = 99188;

REPLACE INTO `creature_template_locale` (entry, locale, Name, Title) VALUES (99188, 'esES', 'Guardián de almas calado', '');

UPDATE creature_template SET lootid = 99188 WHERE entry = 99188 AND lootid = 0;
DELETE FROM `creature_loot_template` WHERE `entry` = '99188';
INSERT INTO `creature_loot_template` (`entry`, `Item`, `Reference`, `Chance`, `QuestRequired`, `LootMode`, `GroupId`, `MinCount`, `MaxCount`, `Comment`) VALUES
('99188', '0', '99188', '100', '0', '1', '0', '2', '2', ''),
('99188', '121389', '0', '0.2440347', '0', '1', '0', '1', '1', ''),
('99188', '121395', '0', '0.1473684', '0', '1', '0', '1', '1', ''),
('99188', '121408', '0', '0.06315789', '0', '1', '0', '1', '1', ''),
('99188', '124437', '0', '44.16842', '0', '1', '0', '1', '3', ''),
('99188', '124438', '0', '3', '0', '1', '0', '1', '4', ''),
('99188', '124439', '0', '1.705263', '0', '1', '0', '1', '4', ''),
('99188', '132183', '0', '4', '0', '1', '0', '1', '1', ''),
('99188', '132229', '0', '2', '0', '1', '0', '1', '1', ''),
('99188', '132231', '0', '15.28421', '0', '1', '0', '1', '1', ''),
('99188', '138781', '0', '0.4210526', '0', '1', '0', '1', '1', ''),
('99188', '138782', '0', '0.08421053', '0', '1', '0', '1', '1', ''),
('99188', '140220', '0', '0.5052631', '0', '1', '0', '1', '1', ''),
('99188', '140221', '0', '0.3789474', '0', '1', '0', '1', '1', ''),
('99188', '140222', '0', '0.8210526', '0', '1', '0', '1', '1', ''),
('99188', '140224', '0', '1', '0', '1', '0', '1', '1', ''),
('99188', '140225', '0', '0.06315789', '0', '1', '0', '1', '1', ''),
('99188', '140226', '0', '0.5894737', '0', '1', '0', '1', '1', ''),
('99188', '140227', '0', '0.6105263', '0', '1', '0', '1', '1', ''),
('99188', '141689', '0', '2.210526', '0', '1', '0', '1', '1', ''),
('99188', '141690', '0', '2.147368', '0', '1', '0', '1', '1', ''),
('99188', '144330', '0', '0.0813449', '0', '1', '0', '1', '1', ''),
('99188', '144345', '0', '0.08421053', '0', '1', '0', '1', '1', '');


DELETE FROM `reference_loot_template` WHERE `entry` = '99188';
INSERT INTO `reference_loot_template` (`entry`, `Item`, `Reference`, `Chance`, `QuestRequired`, `LootMode`, `GroupId`, `MinCount`, `MaxCount`, `Comment`) VALUES
('99188', '121111', '0', '0.2526316', '0', '1', '1', '1', '1', ''),
('99188', '121112', '0', '0.1263158', '0', '1', '1', '1', '1', ''),
('99188', '121113', '0', '0.4631579', '0', '1', '1', '1', '1', ''),
('99188', '121114', '0', '0.2315789', '0', '1', '1', '1', '1', ''),
('99188', '121115', '0', '0.4210526', '0', '1', '1', '1', '1', ''),
('99188', '121116', '0', '0.3789474', '0', '1', '1', '1', '1', ''),
('99188', '121117', '0', '0.1684211', '0', '1', '1', '1', '1', ''),
('99188', '121118', '0', '0.2526316', '0', '1', '1', '1', '1', ''),
('99188', '121122', '0', '0.1684211', '0', '1', '1', '1', '1', ''),
('99188', '121126', '0', '0.1473684', '0', '1', '1', '1', '1', ''),
('99188', '121127', '0', '0.5684211', '0', '1', '1', '1', '1', ''),
('99188', '121129', '0', '0.4', '0', '1', '1', '1', '1', ''),
('99188', '121130', '0', '0.1263158', '0', '1', '1', '1', '1', ''),
('99188', '121131', '0', '0.1263158', '0', '1', '1', '1', '1', ''),
('99188', '121132', '0', '0.4421053', '0', '1', '1', '1', '1', ''),
('99188', '121137', '0', '0.5052631', '0', '1', '1', '1', '1', ''),
('99188', '121138', '0', '0.06315789', '0', '1', '1', '1', '1', ''),
('99188', '121150', '0', '0.5473684', '0', '1', '1', '1', '1', ''),
('99188', '121151', '0', '1.410526', '0', '1', '1', '1', '1', ''),
('99188', '121152', '0', '0.2947368', '0', '1', '1', '1', '1', ''),
('99188', '121153', '0', '0.7578948', '0', '1', '1', '1', '1', ''),
('99188', '121154', '0', '0.5473684', '0', '1', '1', '1', '1', ''),
('99188', '121155', '0', '0.4', '0', '1', '1', '1', '1', ''),
('99188', '121156', '0', '0.2947368', '0', '1', '1', '1', '1', ''),
('99188', '121157', '0', '0.2947368', '0', '1', '1', '1', '1', ''),
('99188', '121158', '0', '0.2526316', '0', '1', '1', '1', '1', ''),
('99188', '121159', '0', '0.06315789', '0', '1', '1', '1', '1', ''),
('99188', '121160', '0', '0.5894737', '0', '1', '1', '1', '1', ''),
('99188', '121161', '0', '0.8210526', '0', '1', '1', '1', '1', ''),
('99188', '121162', '0', '0.5263158', '0', '1', '1', '1', '1', ''),
('99188', '121163', '0', '0.5263158', '0', '1', '1', '1', '1', ''),
('99188', '121164', '0', '0.2105263', '0', '1', '1', '1', '1', ''),
('99188', '121165', '0', '0.4421053', '0', '1', '1', '1', '1', ''),
('99188', '121332', '0', '0.4', '0', '1', '1', '1', '1', ''),
('99188', '121333', '0', '0.2315789', '0', '1', '1', '1', '1', ''),
('99188', '121334', '0', '0.8631579', '0', '1', '1', '1', '1', ''),
('99188', '121335', '0', '1', '0', '1', '1', '1', '1', ''),
('99188', '121336', '0', '0.6736842', '0', '1', '1', '1', '1', ''),
('99188', '121337', '0', '0.4', '0', '1', '1', '1', '1', ''),
('99188', '121339', '0', '0.5052631', '0', '1', '1', '1', '1', ''),
('99188', '121340', '0', '0.5894737', '0', '1', '1', '1', '1', ''),
('99188', '121341', '0', '1', '0', '1', '1', '1', '1', ''),
('99188', '121342', '0', '2.711497', '0', '1', '1', '1', '1', ''),
('99188', '121343', '0', '0.2315789', '0', '1', '1', '1', '1', ''),
('99188', '121344', '0', '0.3157895', '0', '1', '1', '1', '1', ''),
('99188', '121345', '0', '0.3789474', '0', '1', '1', '1', '1', ''),
('99188', '121346', '0', '0.08421053', '0', '1', '1', '1', '1', ''),
('99188', '121348', '0', '1.452632', '0', '1', '1', '1', '1', ''),
('99188', '121349', '0', '0.6736842', '0', '1', '1', '1', '1', ''),
('99188', '121350', '0', '0.3789474', '0', '1', '1', '1', '1', ''),
('99188', '121351', '0', '0.5052631', '0', '1', '1', '1', '1', ''),
('99188', '121352', '0', '0.2105263', '0', '1', '1', '1', '1', ''),
('99188', '121353', '0', '0.2526316', '0', '1', '1', '1', '1', ''),
('99188', '121354', '0', '2.231579', '0', '1', '1', '1', '1', ''),
('99188', '121356', '0', '0.2736842', '0', '1', '1', '1', '1', ''),
('99188', '121357', '0', '0.5684211', '0', '1', '1', '1', '1', ''),
('99188', '121358', '0', '0.7368421', '0', '1', '1', '1', '1', ''),
('99188', '121361', '0', '0.4210526', '0', '1', '1', '1', '1', ''),
('99188', '121362', '0', '0.7789474', '0', '1', '1', '1', '1', ''),
('99188', '121364', '0', '0.2526316', '0', '1', '1', '1', '1', ''),
('99188', '121365', '0', '4.336842', '0', '1', '1', '1', '1', ''),
('99188', '121366', '0', '1.221053', '0', '1', '1', '1', '1', ''),
('99188', '121367', '0', '0.1473684', '0', '1', '1', '1', '1', ''),
('99188', '121368', '0', '0.7368421', '0', '1', '1', '1', '1', ''),
('99188', '121369', '0', '0.6526316', '0', '1', '1', '1', '1', ''),
('99188', '121370', '0', '0.5263158', '0', '1', '1', '1', '1', ''),
('99188', '121371', '0', '2.168421', '0', '1', '1', '1', '1', ''),
('99188', '121372', '0', '4', '0', '1', '1', '1', '1', ''),
('99188', '121373', '0', '0.4', '0', '1', '1', '1', '1', ''),
('99188', '121381', '0', '0.08421053', '0', '1', '1', '1', '1', ''),
('99188', '121386', '0', '0.1473684', '0', '1', '1', '1', '1', ''),
('99188', '121387', '0', '0.05422993', '0', '1', '1', '1', '1', ''),
('99188', '121391', '0', '0.06315789', '0', '1', '1', '1', '1', ''),
('99188', '121393', '0', '0.1894737', '0', '1', '1', '1', '1', ''),
('99188', '121404', '0', '0.4842105', '0', '1', '1', '1', '1', ''),
('99188', '121405', '0', '0.0813449', '0', '1', '1', '1', '1', ''),
('99188', '121409', '0', '0.1473684', '0', '1', '1', '1', '1', ''),
('99188', '121410', '0', '0.1473684', '0', '1', '1', '1', '1', ''),
('99188', '141286', '0', '0.1894737', '0', '1', '1', '1', '1', ''),
('99188', '141287', '0', '5', '0', '1', '1', '1', '1', '');


UPDATE `creature_template` SET `faction` = '14', `minlevel` =111, `maxlevel` =111, `rank` =1 WHERE `entry` = 99307;

REPLACE INTO `creature_template_locale` (entry, locale, Name, Title) VALUES (99307, 'esES', 'Skjal', 'Capitán de los Malditos');

UPDATE creature_template SET lootid = 99307 WHERE entry = 99307 AND lootid = 0;
DELETE FROM `creature_loot_template` WHERE `entry` = '99307';
INSERT INTO `creature_loot_template` (`entry`, `Item`, `Reference`, `Chance`, `QuestRequired`, `LootMode`, `GroupId`, `MinCount`, `MaxCount`, `Comment`) VALUES
('99307', '0', '99307', '100', '0', '1', '0', '2', '2', ''),
('99307', '121331', '0', '0.741771', '0', '1', '0', '1', '1', ''),
('99307', '121385', '0', '0.2169197', '0', '1', '0', '1', '1', ''),
('99307', '124437', '0', '64.62679', '0', '1', '0', '1', '3', ''),
('99307', '138000', '0', '0.6507592', '0', '1', '0', '1', '1', ''),
('99307', '138781', '0', '0.3708855', '0', '1', '0', '1', '1', ''),
('99307', '140221', '0', '0.4172462', '0', '1', '0', '1', '1', ''),
('99307', '140222', '0', '1', '0', '1', '0', '1', '1', ''),
('99307', '140224', '0', '0.09272137', '0', '1', '0', '1', '1', ''),
('99307', '140225', '0', '0.1390821', '0', '1', '0', '1', '1', ''),
('99307', '140227', '0', '0.2318034', '0', '1', '0', '1', '1', ''),
('99307', '144345', '0', '0.07230658', '0', '1', '0', '1', '1', '');


DELETE FROM `reference_loot_template` WHERE `entry` = '99307';
INSERT INTO `reference_loot_template` (`entry`, `Item`, `Reference`, `Chance`, `QuestRequired`, `LootMode`, `GroupId`, `MinCount`, `MaxCount`, `Comment`) VALUES
('99307', '121111', '0', '0.2781641', '0', '1', '1', '1', '1', ''),
('99307', '121112', '0', '0.4636069', '0', '1', '1', '1', '1', ''),
('99307', '121113', '0', '0.1390821', '0', '1', '1', '1', '1', ''),
('99307', '121114', '0', '0.1390821', '0', '1', '1', '1', '1', ''),
('99307', '121115', '0', '0.09272137', '0', '1', '1', '1', '1', ''),
('99307', '121116', '0', '0.5784526', '0', '1', '1', '1', '1', ''),
('99307', '121117', '0', '0.1854427', '0', '1', '1', '1', '1', ''),
('99307', '121118', '0', '0.09272137', '0', '1', '1', '1', '1', ''),
('99307', '121122', '0', '0.07230658', '0', '1', '1', '1', '1', ''),
('99307', '121126', '0', '0.2781641', '0', '1', '1', '1', '1', ''),
('99307', '121127', '0', '0.6026889', '0', '1', '1', '1', '1', ''),
('99307', '121128', '0', '3.755216', '0', '1', '1', '1', '1', ''),
('99307', '121129', '0', '0.3245248', '0', '1', '1', '1', '1', ''),
('99307', '121131', '0', '0.1390821', '0', '1', '1', '1', '1', ''),
('99307', '121132', '0', '0.4172462', '0', '1', '1', '1', '1', ''),
('99307', '121134', '0', '1', '0', '1', '1', '1', '1', ''),
('99307', '121138', '0', '0.1854427', '0', '1', '1', '1', '1', ''),
('99307', '121150', '0', '0.1390821', '0', '1', '1', '1', '1', ''),
('99307', '121151', '0', '0.09272137', '0', '1', '1', '1', '1', ''),
('99307', '121152', '0', '0.3245248', '0', '1', '1', '1', '1', ''),
('99307', '121154', '0', '0.1390821', '0', '1', '1', '1', '1', ''),
('99307', '121155', '0', '0.4636069', '0', '1', '1', '1', '1', ''),
('99307', '121157', '0', '0.1390821', '0', '1', '1', '1', '1', ''),
('99307', '121158', '0', '0.6026889', '0', '1', '1', '1', '1', ''),
('99307', '121159', '0', '0.4172462', '0', '1', '1', '1', '1', ''),
('99307', '121161', '0', '0.1390821', '0', '1', '1', '1', '1', ''),
('99307', '121162', '0', '0.2781641', '0', '1', '1', '1', '1', ''),
('99307', '121163', '0', '0.2781641', '0', '1', '1', '1', '1', ''),
('99307', '121164', '0', '0.2169197', '0', '1', '1', '1', '1', ''),
('99307', '121165', '0', '0.3245248', '0', '1', '1', '1', '1', ''),
('99307', '121332', '0', '0.6026889', '0', '1', '1', '1', '1', ''),
('99307', '121333', '0', '0.2318034', '0', '1', '1', '1', '1', ''),
('99307', '121334', '0', '0.2781641', '0', '1', '1', '1', '1', ''),
('99307', '121335', '0', '0.09272137', '0', '1', '1', '1', '1', ''),
('99307', '121336', '0', '0.8344923', '0', '1', '1', '1', '1', ''),
('99307', '121337', '0', '0.8344923', '0', '1', '1', '1', '1', ''),
('99307', '121339', '0', '0.2781641', '0', '1', '1', '1', '1', ''),
('99307', '121340', '0', '1', '0', '1', '1', '1', '1', ''),
('99307', '121341', '0', '0.2318034', '0', '1', '1', '1', '1', ''),
('99307', '121343', '0', '0.8808531', '0', '1', '1', '1', '1', ''),
('99307', '121344', '0', '1', '0', '1', '1', '1', '1', ''),
('99307', '121345', '0', '0.3245248', '0', '1', '1', '1', '1', ''),
('99307', '121346', '0', '0.4172462', '0', '1', '1', '1', '1', ''),
('99307', '121347', '0', '2', '0', '1', '1', '1', '1', ''),
('99307', '121349', '0', '0.741771', '0', '1', '1', '1', '1', ''),
('99307', '121351', '0', '0.07230658', '0', '1', '1', '1', '1', ''),
('99307', '121352', '0', '0.6026889', '0', '1', '1', '1', '1', ''),
('99307', '121353', '0', '0.1854427', '0', '1', '1', '1', '1', ''),
('99307', '121357', '0', '1', '0', '1', '1', '1', '1', ''),
('99307', '121358', '0', '4.311544', '0', '1', '1', '1', '1', ''),
('99307', '121360', '0', '0.8808531', '0', '1', '1', '1', '1', ''),
('99307', '121361', '0', '0.3245248', '0', '1', '1', '1', '1', ''),
('99307', '121362', '0', '0.07230658', '0', '1', '1', '1', '1', ''),
('99307', '121364', '0', '0.6954103', '0', '1', '1', '1', '1', ''),
('99307', '121366', '0', '0.1854427', '0', '1', '1', '1', '1', ''),
('99307', '121367', '0', '0.3245248', '0', '1', '1', '1', '1', ''),
('99307', '121368', '0', '0.5099676', '0', '1', '1', '1', '1', ''),
('99307', '121369', '0', '0.8808531', '0', '1', '1', '1', '1', ''),
('99307', '121371', '0', '0.4636069', '0', '1', '1', '1', '1', ''),
('99307', '121372', '0', '1.159017', '0', '1', '1', '1', '1', ''),
('99307', '121373', '0', '0.5099676', '0', '1', '1', '1', '1', ''),
('99307', '121386', '0', '0.2169197', '0', '1', '1', '1', '1', ''),
('99307', '121398', '0', '0.5479452', '0', '1', '1', '1', '1', ''),
('99307', '121401', '0', '0.3245248', '0', '1', '1', '1', '1', ''),
('99307', '121406', '0', '0.3245248', '0', '1', '1', '1', '1', ''),
('99307', '121412', '0', '0.1390821', '0', '1', '1', '1', '1', ''),
('99307', '121413', '0', '0.4172462', '0', '1', '1', '1', '1', ''),
('99307', '121414', '0', '0.1854427', '0', '1', '1', '1', '1', ''),
('99307', '141286', '0', '0.3245248', '0', '1', '1', '1', '1', '');


UPDATE `creature_template` SET `faction` = '14', `minlevel` =112, `maxlevel` =112, `rank` =1 WHERE `entry` = 99801;

REPLACE INTO `creature_template_locale` (entry, locale, Name, Title) VALUES (99801, 'esES', 'Tentáculo destructor', '');

UPDATE `creature_template` SET `faction` = '14', `minlevel` =111, `maxlevel` =111, `rank` =1 WHERE `entry` = 100354;

REPLACE INTO `creature_template_locale` (entry, locale, Name, Title) VALUES (100354, 'esES', 'Tentáculo enredador', '');

UPDATE `creature_template` SET `faction` = '14', `minlevel` =111, `maxlevel` =111, `rank` =1 WHERE `entry` = 100360;

REPLACE INTO `creature_template_locale` (entry, locale, Name, Title) VALUES (100360, 'esES', 'Tentáculo enredador', '');

UPDATE `creature_template` SET `faction` = '14', `minlevel` =111, `maxlevel` =111, `rank` =1 WHERE `entry` = 100362;

REPLACE INTO `creature_template_locale` (entry, locale, Name, Title) VALUES (100362, 'esES', 'Tentáculo enredador', '');

UPDATE `creature_template` SET `faction` = '14', `minlevel` =110, `maxlevel` =110, `rank` =1 WHERE `entry` = 102104;

REPLACE INTO `creature_template_locale` (entry, locale, Name, Title) VALUES (102104, 'esES', 'Doncella escudera esclavizada', '');

UPDATE creature_template SET lootid = 102104 WHERE entry = 102104 AND lootid = 0;
DELETE FROM `creature_loot_template` WHERE `entry` = '102104';
INSERT INTO `creature_loot_template` (`entry`, `Item`, `Reference`, `Chance`, `QuestRequired`, `LootMode`, `GroupId`, `MinCount`, `MaxCount`, `Comment`) VALUES
('102104', '0', '102104', '100', '0', '1', '0', '2', '2', ''),
('102104', '121331', '0', '0.0967118', '0', '1', '0', '1', '1', ''),
('102104', '121389', '0', '0.07253385', '0', '1', '0', '1', '1', ''),
('102104', '124437', '0', '38.63636', '0', '1', '0', '1', '3', ''),
('102104', '124438', '0', '0.7495164', '0', '1', '0', '1', '3', ''),
('102104', '124439', '0', '1.160542', '0', '1', '0', '1', '4', ''),
('102104', '132183', '0', '1.837524', '0', '1', '0', '1', '1', ''),
('102104', '132229', '0', '0.3868472', '0', '1', '0', '1', '1', ''),
('102104', '132231', '0', '8.655706', '0', '1', '0', '1', '1', ''),
('102104', '137717', '0', '0.08003201', '0', '1', '0', '1', '1', ''),
('102104', '138007', '0', '0.1450677', '0', '1', '0', '1', '1', ''),
('102104', '138781', '0', '1', '0', '1', '0', '1', '1', ''),
('102104', '138782', '0', '0.4352031', '0', '1', '0', '1', '1', ''),
('102104', '140220', '0', '0.2176016', '0', '1', '0', '1', '1', ''),
('102104', '140222', '0', '0.1934236', '0', '1', '0', '1', '1', ''),
('102104', '140224', '0', '0.07253385', '0', '1', '0', '1', '1', ''),
('102104', '140225', '0', '0.1450677', '0', '1', '0', '1', '1', ''),
('102104', '140226', '0', '0.3384913', '0', '1', '0', '1', '1', ''),
('102104', '140227', '0', '0.1450677', '0', '1', '0', '1', '1', ''),
('102104', '144345', '0', '0.0967118', '0', '1', '0', '1', '1', '');


DELETE FROM `reference_loot_template` WHERE `entry` = '102104';
INSERT INTO `reference_loot_template` (`entry`, `Item`, `Reference`, `Chance`, `QuestRequired`, `LootMode`, `GroupId`, `MinCount`, `MaxCount`, `Comment`) VALUES
('102104', '121111', '0', '2.345261', '0', '1', '1', '1', '1', ''),
('102104', '121112', '0', '0.2417795', '0', '1', '1', '1', '1', ''),
('102104', '121113', '0', '0.2659574', '0', '1', '1', '1', '1', ''),
('102104', '121114', '0', '0.3384913', '0', '1', '1', '1', '1', ''),
('102104', '121115', '0', '0.2176016', '0', '1', '1', '1', '1', ''),
('102104', '121117', '0', '0.4110251', '0', '1', '1', '1', '1', ''),
('102104', '121118', '0', '0.5802708', '0', '1', '1', '1', '1', ''),
('102104', '121122', '0', '0.2417795', '0', '1', '1', '1', '1', ''),
('102104', '121126', '0', '0.1692456', '0', '1', '1', '1', '1', ''),
('102104', '121127', '0', '0.3201281', '0', '1', '1', '1', '1', ''),
('102104', '121128', '0', '2.12766', '0', '1', '1', '1', '1', ''),
('102104', '121129', '0', '0.1450677', '0', '1', '1', '1', '1', ''),
('102104', '121130', '0', '0.3384913', '0', '1', '1', '1', '1', ''),
('102104', '121131', '0', '0.3384913', '0', '1', '1', '1', '1', ''),
('102104', '121132', '0', '0.459381', '0', '1', '1', '1', '1', ''),
('102104', '121134', '0', '1.520608', '0', '1', '1', '1', '1', ''),
('102104', '121137', '0', '0.2176016', '0', '1', '1', '1', '1', ''),
('102104', '121138', '0', '0.08003201', '0', '1', '1', '1', '1', ''),
('102104', '121151', '0', '0.3626693', '0', '1', '1', '1', '1', ''),
('102104', '121152', '0', '0.4110251', '0', '1', '1', '1', '1', ''),
('102104', '121153', '0', '0.4352031', '0', '1', '1', '1', '1', ''),
('102104', '121154', '0', '0.2901354', '0', '1', '1', '1', '1', ''),
('102104', '121156', '0', '0.8462282', '0', '1', '1', '1', '1', ''),
('102104', '121157', '0', '0.2901354', '0', '1', '1', '1', '1', ''),
('102104', '121158', '0', '0.3868472', '0', '1', '1', '1', '1', ''),
('102104', '121159', '0', '0.1208897', '0', '1', '1', '1', '1', ''),
('102104', '121160', '0', '0.3868472', '0', '1', '1', '1', '1', ''),
('102104', '121161', '0', '0.2176016', '0', '1', '1', '1', '1', ''),
('102104', '121162', '0', '0.3143134', '0', '1', '1', '1', '1', ''),
('102104', '121163', '0', '0.2417795', '0', '1', '1', '1', '1', ''),
('102104', '121164', '0', '0.3143134', '0', '1', '1', '1', '1', ''),
('102104', '121165', '0', '0.07253385', '0', '1', '1', '1', '1', ''),
('102104', '121332', '0', '0.07253385', '0', '1', '1', '1', '1', ''),
('102104', '121333', '0', '0.1692456', '0', '1', '1', '1', '1', ''),
('102104', '121334', '0', '0.8462282', '0', '1', '1', '1', '1', ''),
('102104', '121335', '0', '0.1934236', '0', '1', '1', '1', '1', ''),
('102104', '121336', '0', '0.6286267', '0', '1', '1', '1', '1', ''),
('102104', '121337', '0', '0.483559', '0', '1', '1', '1', '1', ''),
('102104', '121339', '0', '2.200193', '0', '1', '1', '1', '1', ''),
('102104', '121340', '0', '0.5560929', '0', '1', '1', '1', '1', ''),
('102104', '121341', '0', '0.2176016', '0', '1', '1', '1', '1', ''),
('102104', '121343', '0', '0.4110251', '0', '1', '1', '1', '1', ''),
('102104', '121344', '0', '3.77176', '0', '1', '1', '1', '1', ''),
('102104', '121345', '0', '0.1208897', '0', '1', '1', '1', '1', ''),
('102104', '121346', '0', '0.4110251', '0', '1', '1', '1', '1', ''),
('102104', '121349', '0', '0.7011606', '0', '1', '1', '1', '1', ''),
('102104', '121351', '0', '0.4352031', '0', '1', '1', '1', '1', ''),
('102104', '121352', '0', '0.4352031', '0', '1', '1', '1', '1', ''),
('102104', '121353', '0', '0.483559', '0', '1', '1', '1', '1', ''),
('102104', '121355', '0', '2', '0', '1', '1', '1', '1', ''),
('102104', '121356', '0', '14', '0', '1', '1', '1', '1', ''),
('102104', '121358', '0', '0.1934236', '0', '1', '1', '1', '1', ''),
('102104', '121360', '0', '0.4352031', '0', '1', '1', '1', '1', ''),
('102104', '121361', '0', '6.528047', '0', '1', '1', '1', '1', ''),
('102104', '121362', '0', '2.12766', '0', '1', '1', '1', '1', ''),
('102104', '121364', '0', '2.321083', '0', '1', '1', '1', '1', ''),
('102104', '121365', '0', '0.1208897', '0', '1', '1', '1', '1', ''),
('102104', '121366', '0', '0.3143134', '0', '1', '1', '1', '1', ''),
('102104', '121367', '0', '1', '0', '1', '1', '1', '1', ''),
('102104', '121368', '0', '0.459381', '0', '1', '1', '1', '1', ''),
('102104', '121369', '0', '3', '0', '1', '1', '1', '1', ''),
('102104', '121370', '0', '0.2417795', '0', '1', '1', '1', '1', ''),
('102104', '121371', '0', '4.472921', '0', '1', '1', '1', '1', ''),
('102104', '121372', '0', '0.5560929', '0', '1', '1', '1', '1', ''),
('102104', '121373', '0', '0.2901354', '0', '1', '1', '1', '1', ''),
('102104', '121376', '0', '0.07253385', '0', '1', '1', '1', '1', ''),
('102104', '121387', '0', '1', '0', '1', '1', '1', '1', ''),
('102104', '121388', '0', '0.1934236', '0', '1', '1', '1', '1', ''),
('102104', '121390', '0', '0.3868472', '0', '1', '1', '1', '1', ''),
('102104', '121400', '0', '0.120048', '0', '1', '1', '1', '1', ''),
('102104', '121403', '0', '0.2946955', '0', '1', '1', '1', '1', ''),
('102104', '121407', '0', '2', '0', '1', '1', '1', '1', ''),
('102104', '121409', '0', '0.2417795', '0', '1', '1', '1', '1', ''),
('102104', '121412', '0', '0.08003201', '0', '1', '1', '1', '1', ''),
('102104', '134217', '0', '0.2417795', '0', '1', '1', '1', '1', ''),
('102104', '141286', '0', '1.208897', '0', '1', '1', '1', '1', ''),
('102104', '141287', '0', '1', '0', '1', '1', '1', '1', ''),
('102104', '141574', '0', '0.3626693', '0', '1', '1', '1', '1', '');


UPDATE `creature_template` SET `faction` = '14', `minlevel` =110, `maxlevel` =110, `rank` =1 WHERE `entry` = 102375;

REPLACE INTO `creature_template_locale` (entry, locale, Name, Title) VALUES (102375, 'esES', 'Esclavo grabador de runas', '');

UPDATE creature_template SET lootid = 102375 WHERE entry = 102375 AND lootid = 0;
DELETE FROM `creature_loot_template` WHERE `entry` = '102375';
INSERT INTO `creature_loot_template` (`entry`, `Item`, `Reference`, `Chance`, `QuestRequired`, `LootMode`, `GroupId`, `MinCount`, `MaxCount`, `Comment`) VALUES
('102375', '0', '102375', '100', '0', '1', '0', '2', '2', ''),
('102375', '121331', '0', '0.05632216', '0', '1', '0', '1', '1', ''),
('102375', '124124', '0', '1.267249', '0', '1', '0', '1', '1', ''),
('102375', '124437', '0', '40', '0', '1', '0', '1', '3', ''),
('102375', '124438', '0', '0.4364968', '0', '1', '0', '1', '4', ''),
('102375', '124439', '0', '1.422135', '0', '1', '0', '1', '4', ''),
('102375', '132183', '0', '3.12588', '0', '1', '0', '1', '1', ''),
('102375', '132229', '0', '1', '0', '1', '0', '1', '1', ''),
('102375', '132231', '0', '9.715573', '0', '1', '0', '1', '1', ''),
('102375', '138001', '0', '1.142454', '0', '1', '0', '1', '1', ''),
('102375', '138007', '0', '0.09856378', '0', '1', '0', '1', '1', ''),
('102375', '138781', '0', '0.3801746', '0', '1', '0', '1', '1', ''),
('102375', '140220', '0', '0.08448324', '0', '1', '0', '1', '1', ''),
('102375', '140222', '0', '0.4083357', '0', '1', '0', '1', '1', ''),
('102375', '140224', '0', '0.08448324', '0', '1', '0', '1', '1', ''),
('102375', '140226', '0', '0.1408054', '0', '1', '0', '1', '1', ''),
('102375', '140227', '0', '0.2112081', '0', '1', '0', '1', '1', ''),
('102375', '144330', '0', '0.3097719', '0', '1', '0', '1', '1', '');


DELETE FROM `reference_loot_template` WHERE `entry` = '102375';
INSERT INTO `reference_loot_template` (`entry`, `Item`, `Reference`, `Chance`, `QuestRequired`, `LootMode`, `GroupId`, `MinCount`, `MaxCount`, `Comment`) VALUES
('102375', '121111', '0', '0.2393692', '0', '1', '1', '1', '1', ''),
('102375', '121112', '0', '0.1408054', '0', '1', '1', '1', '1', ''),
('102375', '121113', '0', '1.365812', '0', '1', '1', '1', '1', ''),
('102375', '121114', '0', '0.3097719', '0', '1', '1', '1', '1', ''),
('102375', '121115', '0', '0.3942551', '0', '1', '1', '1', '1', ''),
('102375', '121116', '0', '0.2252886', '0', '1', '1', '1', '1', ''),
('102375', '121117', '0', '0.2956913', '0', '1', '1', '1', '1', ''),
('102375', '121118', '0', '0.1548859', '0', '1', '1', '1', '1', ''),
('102375', '121122', '0', '0.1126443', '0', '1', '1', '1', '1', ''),
('102375', '121126', '0', '0.2956913', '0', '1', '1', '1', '1', ''),
('102375', '121127', '0', '0.2956913', '0', '1', '1', '1', '1', ''),
('102375', '121128', '0', '2.6049', '0', '1', '1', '1', '1', ''),
('102375', '121129', '0', '0.7744297', '0', '1', '1', '1', '1', ''),
('102375', '121130', '0', '0.3238524', '0', '1', '1', '1', '1', ''),
('102375', '121131', '0', '0.3660941', '0', '1', '1', '1', '1', ''),
('102375', '121132', '0', '0.2956913', '0', '1', '1', '1', '1', ''),
('102375', '121133', '0', '3.773585', '0', '1', '1', '1', '1', ''),
('102375', '121137', '0', '0.6899465', '0', '1', '1', '1', '1', ''),
('102375', '121138', '0', '0.3520135', '0', '1', '1', '1', '1', ''),
('102375', '121150', '0', '0.5491411', '0', '1', '1', '1', '1', ''),
('102375', '121151', '0', '0.3520135', '0', '1', '1', '1', '1', ''),
('102375', '121152', '0', '0.5632216', '0', '1', '1', '1', '1', ''),
('102375', '121153', '0', '0.2252886', '0', '1', '1', '1', '1', ''),
('102375', '121154', '0', '0.2816108', '0', '1', '1', '1', '1', ''),
('102375', '121155', '0', '1.239088', '0', '1', '1', '1', '1', ''),
('102375', '121156', '0', '7', '0', '1', '1', '1', '1', ''),
('102375', '121157', '0', '0.6054633', '0', '1', '1', '1', '1', ''),
('102375', '121158', '0', '2', '0', '1', '1', '1', '1', ''),
('102375', '121159', '0', '0.1267249', '0', '1', '1', '1', '1', ''),
('102375', '121160', '0', '0.0704027', '0', '1', '1', '1', '1', ''),
('102375', '121161', '0', '0.3801746', '0', '1', '1', '1', '1', ''),
('102375', '121162', '0', '1.703745', '0', '1', '1', '1', '1', ''),
('102375', '121163', '0', '0.3520135', '0', '1', '1', '1', '1', ''),
('102375', '121164', '0', '0.1126443', '0', '1', '1', '1', '1', ''),
('102375', '121165', '0', '0.1971276', '0', '1', '1', '1', '1', ''),
('102375', '121332', '0', '1.267249', '0', '1', '1', '1', '1', ''),
('102375', '121333', '0', '0.6054633', '0', '1', '1', '1', '1', ''),
('102375', '121334', '0', '0.8166714', '0', '1', '1', '1', '1', ''),
('102375', '121335', '0', '0.4364968', '0', '1', '1', '1', '1', ''),
('102375', '121336', '0', '1.337651', '0', '1', '1', '1', '1', ''),
('102375', '121337', '0', '0.3520135', '0', '1', '1', '1', '1', ''),
('102375', '121339', '0', '0.5350605', '0', '1', '1', '1', '1', ''),
('102375', '121340', '0', '0.2956913', '0', '1', '1', '1', '1', ''),
('102375', '121341', '0', '0.4787384', '0', '1', '1', '1', '1', ''),
('102375', '121343', '0', '7.350042', '0', '1', '1', '1', '1', ''),
('102375', '121344', '0', '0.6336243', '0', '1', '1', '1', '1', ''),
('102375', '121345', '0', '0.4364968', '0', '1', '1', '1', '1', ''),
('102375', '121346', '0', '1.422135', '0', '1', '1', '1', '1', ''),
('102375', '121347', '0', '1', '0', '1', '1', '1', '1', ''),
('102375', '121349', '0', '0.7885103', '0', '1', '1', '1', '1', ''),
('102375', '121350', '0', '0.6477049', '0', '1', '1', '1', '1', ''),
('102375', '121351', '0', '0.09856378', '0', '1', '1', '1', '1', ''),
('102375', '121352', '0', '2.689383', '0', '1', '1', '1', '1', ''),
('102375', '121353', '0', '0.8307519', '0', '1', '1', '1', '1', ''),
('102375', '121356', '0', '0.3520135', '0', '1', '1', '1', '1', ''),
('102375', '121357', '0', '0.5632216', '0', '1', '1', '1', '1', ''),
('102375', '121358', '0', '0.3520135', '0', '1', '1', '1', '1', ''),
('102375', '121359', '0', '1.679389', '0', '1', '1', '1', '1', ''),
('102375', '121360', '0', '0.3238524', '0', '1', '1', '1', '1', ''),
('102375', '121361', '0', '3.63278', '0', '1', '1', '1', '1', ''),
('102375', '121362', '0', '0.5632216', '0', '1', '1', '1', '1', ''),
('102375', '121364', '0', '1', '0', '1', '1', '1', '1', ''),
('102375', '121365', '0', '0.2534497', '0', '1', '1', '1', '1', ''),
('102375', '121366', '0', '0.3238524', '0', '1', '1', '1', '1', ''),
('102375', '121367', '0', '2.816108', '0', '1', '1', '1', '1', ''),
('102375', '121368', '0', '0.6336243', '0', '1', '1', '1', '1', ''),
('102375', '121369', '0', '0.3097719', '0', '1', '1', '1', '1', ''),
('102375', '121370', '0', '0.337933', '0', '1', '1', '1', '1', ''),
('102375', '121371', '0', '0.0704027', '0', '1', '1', '1', '1', ''),
('102375', '121372', '0', '0.5350605', '0', '1', '1', '1', '1', ''),
('102375', '121373', '0', '0.4224162', '0', '1', '1', '1', '1', ''),
('102375', '121390', '0', '0.08448324', '0', '1', '1', '1', '1', ''),
('102375', '121392', '0', '0.112835', '0', '1', '1', '1', '1', ''),
('102375', '121397', '0', '0.08448324', '0', '1', '1', '1', '1', ''),
('102375', '121401', '0', '0.1126443', '0', '1', '1', '1', '1', ''),
('102375', '121403', '0', '3.463813', '0', '1', '1', '1', '1', ''),
('102375', '121404', '0', '0.1526718', '0', '1', '1', '1', '1', ''),
('102375', '121405', '0', '1.142454', '0', '1', '1', '1', '1', ''),
('102375', '121409', '0', '0.08462624', '0', '1', '1', '1', '1', ''),
('102375', '121413', '0', '0.1126443', '0', '1', '1', '1', '1', ''),
('102375', '121414', '0', '0.2290076', '0', '1', '1', '1', '1', ''),
('102375', '133614', '0', '0.05632216', '0', '1', '1', '1', '1', ''),
('102375', '133637', '0', '0.1548859', '0', '1', '1', '1', '1', ''),
('102375', '133682', '0', '0.07633588', '0', '1', '1', '1', '1', ''),
('102375', '134210', '0', '0.1689665', '0', '1', '1', '1', '1', ''),
('102375', '134217', '0', '0.2112081', '0', '1', '1', '1', '1', ''),
('102375', '141286', '0', '0.6195438', '0', '1', '1', '1', '1', '');


UPDATE `creature_template` SET `faction` = '14', `minlevel` =111, `maxlevel` =111, `rank` =2 WHERE `entry` = 103045;

REPLACE INTO `creature_template_locale` (entry, locale, Name, Title) VALUES (103045, 'esES', 'Faucepeste', '');

UPDATE creature_template SET lootid = 103045 WHERE entry = 103045 AND lootid = 0;
DELETE FROM `creature_loot_template` WHERE `entry` = '103045';
INSERT INTO `creature_loot_template` (`entry`, `Item`, `Reference`, `Chance`, `QuestRequired`, `LootMode`, `GroupId`, `MinCount`, `MaxCount`, `Comment`) VALUES
('103045', '0', '103045', '100', '0', '1', '0', '2', '2', ''),
('103045', '124438', '0', '3.379393', '0', '1', '0', '1', '4', ''),
('103045', '124439', '0', '3.229198', '0', '1', '0', '1', '4', ''),
('103045', '132183', '0', '16', '0', '1', '0', '1', '1', ''),
('103045', '132229', '0', '2.132773', '0', '1', '0', '1', '1', ''),
('103045', '132231', '0', '8', '0', '1', '0', '1', '1', ''),
('103045', '138782', '0', '0.05752913', '0', '1', '0', '1', '1', ''),
('103045', '138786', '0', '44.82957', '0', '1', '0', '1', '1', ''),
('103045', '141689', '0', '45', '0', '1', '0', '1', '1', ''),
('103045', '141690', '0', '53.10904', '0', '1', '0', '1', '1', '');


DELETE FROM `reference_loot_template` WHERE `entry` = '103045';
INSERT INTO `reference_loot_template` (`entry`, `Item`, `Reference`, `Chance`, `QuestRequired`, `LootMode`, `GroupId`, `MinCount`, `MaxCount`, `Comment`) VALUES
('103045', '121111', '0', '0.1051367', '0', '1', '1', '1', '1', ''),
('103045', '121113', '0', '0.1051367', '0', '1', '1', '1', '1', ''),
('103045', '121114', '0', '1.246621', '0', '1', '1', '1', '1', ''),
('103045', '121134', '0', '0.7910255', '0', '1', '1', '1', '1', ''),
('103045', '121137', '0', '0.2157342', '0', '1', '1', '1', '1', ''),
('103045', '121138', '0', '0.07509763', '0', '1', '1', '1', '1', ''),
('103045', '121150', '0', '0.0600781', '0', '1', '1', '1', '1', ''),
('103045', '121152', '0', '0.2301165', '0', '1', '1', '1', '1', ''),
('103045', '121153', '0', '0.0600781', '0', '1', '1', '1', '1', ''),
('103045', '121154', '0', '0.0600781', '0', '1', '1', '1', '1', ''),
('103045', '121159', '0', '4.659859', '0', '1', '1', '1', '1', ''),
('103045', '121344', '0', '0.2252929', '0', '1', '1', '1', '1', ''),
('103045', '121392', '0', '0.0600781', '0', '1', '1', '1', '1', ''),
('103045', '121405', '0', '0.4806248', '0', '1', '1', '1', '1', ''),
('103045', '141286', '0', '0.1150583', '0', '1', '1', '1', '1', '');


UPDATE `creature_template` SET `faction` = '14', `minlevel` =111, `maxlevel` =111, `rank` =2 WHERE `entry` = 103605;

REPLACE INTO `creature_template_locale` (entry, locale, Name, Title) VALUES (103605, 'esES', 'Buscador embozado', '');

UPDATE creature_template SET lootid = 103605 WHERE entry = 103605 AND lootid = 0;
DELETE FROM `creature_loot_template` WHERE `entry` = '103605';
INSERT INTO `creature_loot_template` (`entry`, `Item`, `Reference`, `Chance`, `QuestRequired`, `LootMode`, `GroupId`, `MinCount`, `MaxCount`, `Comment`) VALUES
('103605', '0', '103605', '100', '0', '1', '0', '2', '2', ''),
('103605', '124437', '0', '2', '0', '1', '0', '1', '3', ''),
('103605', '124438', '0', '0.656105', '0', '1', '0', '1', '3', ''),
('103605', '124439', '0', '1.408225', '0', '1', '0', '1', '4', ''),
('103605', '132183', '0', '6', '0', '1', '0', '1', '1', ''),
('103605', '132229', '0', '0.8321331', '0', '1', '0', '1', '1', ''),
('103605', '132231', '0', '14.77036', '0', '1', '0', '1', '1', ''),
('103605', '138781', '0', '0.2240358', '0', '1', '0', '1', '1', ''),
('103605', '138786', '0', '49.52322', '0', '1', '0', '1', '1', ''),
('103605', '140220', '0', '0.09601536', '0', '1', '0', '1', '1', ''),
('103605', '140222', '0', '0.3840615', '0', '1', '0', '1', '1', ''),
('103605', '140224', '0', '0.09601536', '0', '1', '0', '1', '1', ''),
('103605', '140225', '0', '0.06401024', '0', '1', '0', '1', '1', ''),
('103605', '140226', '0', '0.1120179', '0', '1', '0', '1', '1', ''),
('103605', '140227', '0', '0.2080333', '0', '1', '0', '1', '1', ''),
('103605', '141689', '0', '44.13506', '0', '1', '0', '1', '1', ''),
('103605', '141690', '0', '54.42471', '0', '1', '0', '1', '1', '');


DELETE FROM `reference_loot_template` WHERE `entry` = '103605';
INSERT INTO `reference_loot_template` (`entry`, `Item`, `Reference`, `Chance`, `QuestRequired`, `LootMode`, `GroupId`, `MinCount`, `MaxCount`, `Comment`) VALUES
('103605', '121115', '0', '0.1451078', '0', '1', '1', '1', '1', ''),
('103605', '121116', '0', '0.1280205', '0', '1', '1', '1', '1', ''),
('103605', '121117', '0', '0.2694859', '0', '1', '1', '1', '1', ''),
('103605', '121124', '0', '1.415571', '0', '1', '1', '1', '1', ''),
('103605', '121129', '0', '0.1120179', '0', '1', '1', '1', '1', ''),
('103605', '121130', '0', '0.06218905', '0', '1', '1', '1', '1', ''),
('103605', '121134', '0', '2.123357', '0', '1', '1', '1', '1', ''),
('103605', '121137', '0', '0.1451078', '0', '1', '1', '1', '1', ''),
('103605', '121151', '0', '0.1120179', '0', '1', '1', '1', '1', ''),
('103605', '121155', '0', '0.08291874', '0', '1', '1', '1', '1', ''),
('103605', '121159', '0', '0.1760282', '0', '1', '1', '1', '1', ''),
('103605', '121161', '0', '0.09601536', '0', '1', '1', '1', '1', ''),
('103605', '121162', '0', '0.1120179', '0', '1', '1', '1', '1', ''),
('103605', '121332', '0', '0.1120179', '0', '1', '1', '1', '1', ''),
('103605', '121337', '0', '0.1120179', '0', '1', '1', '1', '1', ''),
('103605', '121341', '0', '0.1120179', '0', '1', '1', '1', '1', ''),
('103605', '121343', '0', '0.2240358', '0', '1', '1', '1', '1', ''),
('103605', '121344', '0', '0.1451078', '0', '1', '1', '1', '1', ''),
('103605', '121346', '0', '0.09601536', '0', '1', '1', '1', '1', ''),
('103605', '121351', '0', '0.1120179', '0', '1', '1', '1', '1', ''),
('103605', '121361', '0', '0.1120179', '0', '1', '1', '1', '1', ''),
('103605', '121362', '0', '0.1120179', '0', '1', '1', '1', '1', ''),
('103605', '121364', '0', '0.1120179', '0', '1', '1', '1', '1', ''),
('103605', '121366', '0', '0.1243781', '0', '1', '1', '1', '1', ''),
('103605', '121368', '0', '0.1120179', '0', '1', '1', '1', '1', ''),
('103605', '121370', '0', '0.2080333', '0', '1', '1', '1', '1', '');


UPDATE `creature_template` SET `faction` = '14', `minlevel` =112, `maxlevel` =112, `rank` =2 WHERE `entry` = 108494;

REPLACE INTO `creature_template_locale` (entry, locale, Name, Title) VALUES (108494, 'esES', 'Robaalmas Tagerma', 'Corruptora de los mares');

UPDATE creature_template SET lootid = 108494 WHERE entry = 108494 AND lootid = 0;
DELETE FROM `creature_loot_template` WHERE `entry` = '108494';
INSERT INTO `creature_loot_template` (`entry`, `Item`, `Reference`, `Chance`, `QuestRequired`, `LootMode`, `GroupId`, `MinCount`, `MaxCount`, `Comment`) VALUES
('108494', '0', '108494', '100', '0', '1', '0', '2', '2', ''),
('108494', '121331', '0', '2.21843', '0', '1', '0', '1', '1', ''),
('108494', '124437', '0', '10', '0', '1', '0', '1', '3', ''),
('108494', '124438', '0', '1.532115', '0', '1', '0', '2', '4', ''),
('108494', '124439', '0', '2.239246', '0', '1', '0', '1', '4', ''),
('108494', '132183', '0', '2.710666', '0', '1', '0', '1', '1', ''),
('108494', '132229', '0', '0.117855', '0', '1', '0', '1', '1', ''),
('108494', '132231', '0', '11.19623', '0', '1', '0', '1', '1', ''),
('108494', '138781', '0', '0.5119454', '0', '1', '0', '1', '1', ''),
('108494', '138786', '0', '45.51495', '0', '1', '0', '1', '1', ''),
('108494', '140222', '0', '1', '0', '1', '0', '1', '1', ''),
('108494', '141689', '0', '45', '0', '1', '0', '1', '1', ''),
('108494', '141690', '0', '55', '0', '1', '0', '1', '1', '');


DELETE FROM `reference_loot_template` WHERE `entry` = '108494';
INSERT INTO `reference_loot_template` (`entry`, `Item`, `Reference`, `Chance`, `QuestRequired`, `LootMode`, `GroupId`, `MinCount`, `MaxCount`, `Comment`) VALUES
('108494', '121111', '0', '1', '0', '1', '1', '1', '1', ''),
('108494', '121114', '0', '0.166113', '0', '1', '1', '1', '1', ''),
('108494', '121118', '0', '0.2357101', '0', '1', '1', '1', '1', ''),
('108494', '121131', '0', '0.5119454', '0', '1', '1', '1', '1', ''),
('108494', '121132', '0', '1.66113', '0', '1', '1', '1', '1', ''),
('108494', '121137', '0', '0.117855', '0', '1', '1', '1', '1', ''),
('108494', '121150', '0', '4', '0', '1', '1', '1', '1', ''),
('108494', '121152', '0', '1', '0', '1', '1', '1', '1', ''),
('108494', '121159', '0', '0.117855', '0', '1', '1', '1', '1', ''),
('108494', '121162', '0', '0.1767826', '0', '1', '1', '1', '1', ''),
('108494', '121333', '0', '0.1706485', '0', '1', '1', '1', '1', ''),
('108494', '121338', '0', '1.194539', '0', '1', '1', '1', '1', ''),
('108494', '121344', '0', '0.4983389', '0', '1', '1', '1', '1', ''),
('108494', '121345', '0', '1.66113', '0', '1', '1', '1', '1', ''),
('108494', '121360', '0', '0.117855', '0', '1', '1', '1', '1', ''),
('108494', '121365', '0', '0.3535651', '0', '1', '1', '1', '1', ''),
('108494', '121367', '0', '0.05892752', '0', '1', '1', '1', '1', ''),
('108494', '121368', '0', '0.05892752', '0', '1', '1', '1', '1', ''),
('108494', '141286', '0', '0.3535651', '0', '1', '1', '1', '1', ''),
('108494', '141582', '0', '0.4714201', '0', '1', '1', '1', '1', '');


UPDATE `creature_template` SET `faction` = '14', `minlevel` =110, `maxlevel` =110, `rank` =1 WHERE `entry` = 108727;

REPLACE INTO `creature_template_locale` (entry, locale, Name, Title) VALUES (108727, 'esES', 'Pústula malsana', '');

UPDATE `creature_template` SET `faction` = '14', `minlevel` =111, `maxlevel` =111, `rank` =2 WHERE `entry` = 108794;

REPLACE INTO `creature_template_locale` (entry, locale, Name, Title) VALUES (108794, 'esES', 'Sombra de buscador embozado', '');

UPDATE `creature_template` SET `faction` = '14', `minlevel` =110, `maxlevel` =110, `rank` =1 WHERE `entry` = 114288;

REPLACE INTO `creature_template_locale` (entry, locale, Name, Title) VALUES (114288, 'esES', 'Guerrero esquelético', '');

UPDATE `creature_template` SET `faction` = '14', `minlevel` =110, `maxlevel` =110, `rank` =1 WHERE `entry` = 114289;

REPLACE INTO `creature_template_locale` (entry, locale, Name, Title) VALUES (114289, 'esES', 'Hechicero esquelético', '');

UPDATE `creature_template` SET `faction` = '14', `minlevel` =110, `maxlevel` =110, `rank` =1 WHERE `entry` = 114712;

REPLACE INTO `creature_template_locale` (entry, locale, Name, Title) VALUES (114712, 'esES', 'Esclavo grabador de runas', '');

UPDATE `creature_template` SET `faction` = '14', `minlevel` =110, `maxlevel` =110, `rank` =1 WHERE `entry` = 96754;

REPLACE INTO `creature_template_locale` (entry, locale, Name, Title) VALUES (96754, 'esES', 'Harbaron', 'El barquero');